Q,B1,B2,B_even,B_odd,GST_even,GST_odd,mu_saddle,even_match_error,odd_match_error,decomposition_error,log_asymmetry,light_log_asymmetry
-0.45,4.3578947368421055,2.463157894736842,3.4105263157894745,0.9473684210526319,3.410526315789475,0.9473684210526319,1.4722194895832204,4.440892098500626e-16,0.0,8.881784197001252e-16,57.372990109644604,58.88877958332881
-0.445,3.9041847041847046,2.191822991822992,3.048003848003849,0.8561808561808564,3.048003848003848,0.8561808561808564,1.421925871130636,8.881784197001252e-16,0.0,6.661338147750939e-16,55.507145475336074,56.87703484522544
-0.44,3.526241134751773,1.9659574468085108,2.746099290780142,0.7801418439716312,2.7460992907801423,0.7801418439716312,1.3757676565209744,4.440892098500626e-16,0.0,2.220446049250313e-16,53.78247931048436,55.030706260838976
-0.435,3.206581653640477,1.7750719868366927,2.490826820238585,0.7157548334018923,2.4908268202385844,0.715754833401892,1.3330796296965248,4.440892098500626e-16,2.220446049250313e-16,1.1102230246251565e-16,52.17797745441797,53.323185187861
-0.43,2.932718894009217,1.611674347158218,2.2721966205837165,0.660522273425499,2.2721966205837165,0.6605222734254991,1.2933446720489712,0.0,1.1102230246251565e-16,1.3322676295501878e-15,50.67695124447805,51.73378688195885
-0.425,2.6954954954954955,1.4702702702702701,2.082882882882882,0.6126126126126125,2.082882882882883,0.6126126126126127,1.2561528119880574,8.881784197001252e-16,2.220446049250313e-16,9.992007221626409e-16,49.26593229934212,50.246112479522296
-0.42000000000000004,2.4880434782608694,1.3467391304347827,1.9173913043478275,0.5706521739130438,1.917391304347827,0.5706521739130437,1.2211735176846024,4.440892098500626e-16,1.1102230246251565e-16,1.887379141862766e-15,47.93389722912323,48.84694070738411
-0.41500000000000004,2.3051108968177436,1.2379299260687882,1.7715204114432666,0.5335904853744778,1.7715204114432668,0.5335904853744778,1.1881364043926026,2.220446049250313e-16,0.0,7.771561172376096e-16,46.671711399104936,47.52545617570411
-0.41000000000000003,2.1426129426129426,1.1413919413919413,1.6420024420024426,0.5006105006105008,1.642002442002443,0.5006105006105008,1.1568174645903155,4.440892098500626e-16,0.0,8.881784197001252e-16,45.471721782635825,46.27269858361262
-0.405,1.9973248037220133,1.0551904623437052,1.526257633032859,0.471067170689154,1.5262576330328592,0.47106717068915405,1.127029026049693,2.220446049250313e-16,5.551115123125783e-17,2.7755575615628914e-16,44.32745356888506,45.081161041987706
-0.4,1.8666666666666667,0.9777777777777777,1.4222222222222227,0.4444444444444446,1.4222222222222225,0.4444444444444446,1.0986122886681098,2.220446049250313e-16,0.0,6.106226635438361e-16,43.23338043561328,43.94449154672439
-0.395,1.7485501463155093,0.9079010375099761,1.328225591912743,0.4203245544027668,1.3282255919127435,0.42032455440276684,1.0714316840586662,4.440892098500626e-16,5.551115123125783e-17,4.996003610813204e-16,42.18474807530222,42.85726736234665
-0.39,1.6412665985699693,0.8445352400408581,1.2429009193054137,0.39836567926455574,1.242900919305414,0.39836567926455574,1.0453705484668847,2.220446049250313e-16,0.0,1.6653345369377348e-16,41.1774368518521,41.81482193867539
-0.385,1.5434045689019897,0.7868337017931712,1.1651191353475805,0.37828543355440925,1.1651191353475807,0.3782854335544093,1.0203277583223398,2.220446049250313e-16,5.551115123125783e-17,0.0,40.20785363920653,40.813110332893594
-0.38,1.4537878787878786,0.734090909090909,1.093939393939394,0.35984848484848486,1.0939393939393942,0.3598484848484849,0.9962150823451031,2.220446049250313e-16,5.551115123125783e-17,2.220446049250313e-16,39.27284571804655,39.848603293804125
-0.375,1.3714285714285714,0.6857142857142857,1.0285714285714285,0.34285714285714286,1.0285714285714285,0.34285714285714286,0.9729550745276566,0.0,0.0,1.1102230246251565e-16,38.36963155253484,38.91820298110626
-0.37,1.2954907161803715,0.6412024756852343,0.9683465959328029,0.3271441202475685,0.9683465959328029,0.32714412024756856,0.9504793805965235,0.0,5.551115123125783e-17,1.6653345369377348e-16,37.49574463146483,38.01917522386094
-0.365,1.2252622564761293,0.6001284521515735,0.9126953543138512,0.31256690216227784,0.9126953543138513,0.3125669021622779,0.9287273642467249,1.1102230246251565e-16,5.551115123125783e-17,2.7755575615628914e-16,36.64898752640935,37.14909456986899
-0.36,1.1601328903654486,0.5621262458471761,0.8611295681063122,0.29900332225913623,0.8611295681063121,0.2990033222591362,0.9076449833191245,1.1102230246251565e-16,5.551115123125783e-17,1.6653345369377348e-16,35.82739401715036,36.30579933276498
-0.355,1.0995765275257108,0.5268804194394031,0.8132284734825569,0.2863480540431539,0.8132284734825568,0.28634805404315383,0.8871838632580928,1.1102230246251565e-16,5.551115123125783e-17,1.1102230246251565e-16,35.029197643854666,35.487354530323714
-0.35,1.0431372549019609,0.4941176470588235,0.7686274509803921,0.27450980392156865,0.768627450980392,0.27450980392156854,0.8673005276940531,1.1102230246251565e-16,1.1102230246251565e-16,1.1102230246251565e-16,34.252805421487615,34.69202110776213
-0.34500000000000003,0.9904180187058604,0.4635999236495516,0.727008971177706,0.2634090475281543,0.7270089711777059,0.2634090475281543,0.8479557552189637,1.1102230246251565e-16,0.0,1.1102230246251565e-16,33.496775732713495,33.918230208758544
-0.34,0.941071428571429,0.43511904761904785,0.6880952380952384,0.2529761904761906,0.6880952380952383,0.2529761904761906,0.8291140383017663,1.1102230246251565e-16,0.0,0.0,32.759799627308745,33.16456153207065
-0.335,0.8947922337143894,0.4084921066956996,0.6516421702050447,0.24315006350934498,0.6516421702050446,0.24315006350934498,0.8107431254751375,1.1102230246251565e-16,0.0,2.220446049250313e-16,32.04068491739055,32.4297250190055
-0.33,0.8513111268603827,0.38355776045357903,0.6174344436569809,0.23387668320340185,0.617434443656981,0.23387668320340188,0.7928136318701909,1.1102230246251565e-16,2.7755575615628914e-17,2.7755575615628914e-17,31.3383425816822,31.712545274807642
-0.325,0.8103896103896104,0.3601731601731602,0.5852813852813854,0.22510822510822515,0.5852813852813853,0.22510822510822515,0.7752987062055835,1.1102230246251565e-16,0.0,1.1102230246251565e-16,30.65177508805018,31.01194824822334
-0.32,0.7718157181571815,0.3382113821138211,0.5550135501355014,0.21680216802168023,0.5550135501355014,0.2168021680216802,0.7581737446840442,0.0,2.7755575615628914e-17,5.551115123125783e-17,29.980066318527086,30.326949787361773
-0.315,0.7354004311059525,0.31755927706847953,0.526479854087216,0.20892057701873654,0.5264798540872162,0.20892057701873656,0.741416144081269,2.220446049250313e-16,2.7755575615628914e-17,8.326672684688674e-17,29.322372840020776,29.656645763250754
-0.31,0.7009746588693957,0.2981156595191683,0.49954515919428205,0.20142949967511373,0.49954515919428194,0.2014294996751137,0.7250050877529991,1.1102230246251565e-16,2.7755575615628914e-17,8.326672684688674e-17,28.677916310639787,29.000203510119967
-0.30500000000000005,0.6683866857779904,0.2797897754419495,0.47408823060996996,0.19429845516802044,0.47408823060996996,0.19429845516802047,0.7089213594274084,0.0,2.7755575615628914e-17,2.7755575615628914e-17,28.045976848827504,28.356854377096337
-0.30000000000000004,0.6375000000000003,0.2625000000000002,0.45000000000000023,0.18750000000000006,0.4500000000000002,0.18750000000000006,0.6931471805599454,5.551115123125783e-17,0.0,0.0,27.42588722239782,27.725887222397816
-0.29500000000000004,0.6081914404049704,0.2461727258782023,0.42718208314158634,0.18100935726338402,0.42718208314158645,0.18100935726338402,0.677666067757962,1.1102230246251565e-16,0.0,5.551115123125783e-17,26.817027738697064,27.106642710318482
-0.29000000000000004,0.5803496081977096,0.23074141048824603,0.4055455093429778,0.1748040988547318,0.40554550934297784,0.1748040988547318,0.6624627073717994,5.551115123125783e-17,0.0,5.551115123125783e-17,26.218821736704406,26.498508294871975
-0.28500000000000003,0.5538735002221896,0.21614575618426912,0.3850096282032293,0.16886387201896022,0.38500962820322926,0.1688638720189602,0.6475228448273729,5.551115123125783e-17,2.7755575615628914e-17,8.326672684688674e-17,25.63073159786458,25.900913793094915
-0.28,0.5286713286713288,0.20233100233100243,0.36550116550116557,0.1631701631701632,0.3655011655011657,0.1631701631701632,0.632833186665638,1.1102230246251565e-16,0.0,5.551115123125783e-17,25.052255205553262,25.313327466625523
-0.275,0.5046594982078854,0.18924731182795695,0.34695340501792116,0.15770609318996415,0.34695340501792127,0.1577060931899642,0.6183813135744635,1.1102230246251565e-16,5.551115123125783e-17,5.551115123125783e-17,24.4829227938746,24.735252542978543
-0.27,0.4817617165443253,0.17684923771880295,0.32930547713156416,0.15245623941276118,0.32930547713156416,0.15245623941276118,0.6041556029622671,0.0,0.0,2.7755575615628914e-17,23.92229413543027,24.166224118490685
-0.265,0.45990821860659153,0.16509525796134056,0.3125017382839661,0.14740648032262552,0.31250173828396605,0.14740648032262552,0.5901451598411884,5.551115123125783e-17,0.0,8.326672684688674e-17,23.36995602513134,23.60580639364754
-0.26,0.4390350877192982,0.15394736842105264,0.29649122807017547,0.1425438596491228,0.2964912280701755,0.14254385964912283,0.5763397549691928,5.551115123125783e-17,2.7755575615628914e-17,5.551115123125783e-17,22.825520023329116,23.05359019876771
-0.255,0.41908365995404784,0.14337072577375323,0.2812271928639006,0.13785646709014732,0.2812271928639006,0.13785646709014734,0.5627297693521489,0.0,2.7755575615628914e-17,5.551115123125783e-17,22.288620426741723,22.50919077408596
-0.25,0.4,0.13333333333333333,0.26666666666666666,0.13333333333333333,0.2666666666666667,0.13333333333333336,0.5493061443340549,5.551115123125783e-17,2.7755575615628914e-17,2.7755575615628914e-17,21.758912440028865,21.972245773362197
-0.245,0.38173443874193974,0.12380576391630474,0.25277010132912225,0.1289643374128175,0.2527701013291222,0.12896433741281746,0.5360603366105666,5.551115123125783e-17,2.7755575615628914e-17,2.7755575615628914e-17,21.236070524562155,21.442413464422664
-0.24000000000000002,0.36424116424116426,0.11476091476091477,0.23950103950103957,0.12474012474012477,0.23950103950103963,0.12474012474012477,0.5229842775913439,5.551115123125783e-17,0.0,8.326672684688674e-17,20.71978690406955,20.919371103653752
-0.23500000000000001,0.3474778590681556,0.1061737902708253,0.2268258246694905,0.12065203439866516,0.2268258246694905,0.12065203439866515,0.5100703366133073,0.0,1.3877787807814457e-17,6.938893903907228e-17,20.20977020949442,20.402813464532287
-0.23,0.33140537798072045,0.09802130898021308,0.21471334348046678,0.11669203450025367,0.2147133434804668,0.1166920345002537,0.4973112875720311,2.7755575615628914e-17,2.7755575615628914e-17,2.7755575615628914e-17,19.705744247680833,19.89245150288124
-0.225,0.315987460815047,0.090282131661442,0.2031347962382445,0.11285266457680251,0.2031347962382445,0.1128526645768025,0.48470027859405174,0.0,1.3877787807814457e-17,0.0,19.207446880439186,19.38801114376207
-0.22,0.3011904761904762,0.08293650793650792,0.19206349206349205,0.10912698412698413,0.1920634920634921,0.10912698412698414,0.4722308044204257,5.551115123125783e-17,1.3877787807814457e-17,0.0,18.71462900221385,18.889232176817025
-0.215,0.28698319224635016,0.07596613912403388,0.181474665685192,0.10550852656115813,0.181474665685192,0.10550852656115815,0.45989668121267857,0.0,2.7755575615628914e-17,4.163336342344337e-17,18.227053606009285,18.39586724850714
-0.21000000000000002,0.2733365711510442,0.06935405536668285,0.17134531325886357,0.10199125789218068,0.17134531325886357,0.10199125789218069,0.44769202352742077,0.0,1.3877787807814457e-17,4.163336342344337e-17,17.74449492846934,17.90768094109683
-0.20500000000000002,0.2602235845654526,0.06308450534920063,0.16165404495732663,0.09856953960812599,0.16165404495732663,0.09856953960812599,0.4356112232362245,0.0,0.0,4.163336342344337e-17,17.266737666075976,17.424448929448978
-0.2,0.2476190476190476,0.05714285714285716,0.1523809523809524,0.09523809523809523,0.1523809523809524,0.09523809523809525,0.42364893019360184,0.0,1.3877787807814457e-17,2.7755575615628914e-17,16.79357625536312,16.945957207744073
-0.195,0.2354994692770374,0.05151550890435194,0.14350748909069466,0.09199198018634273,0.14350748909069466,0.09199198018634275,0.4118000344786903,0.0,1.3877787807814457e-17,1.3877787807814457e-17,16.324814210849464,16.472001379147613
-0.19,0.2238429172510519,0.046189808321645626,0.13501636278634876,0.08882655446470314,0.13501636278634876,0.08882655446470314,0.4000596500560566,0.0,0.0,0.0,15.860263515098737,16.00238600224226
-0.185,0.21262889584057468,0.04115397984011124,0.12689143784034296,0.08573745800023172,0.12689143784034293,0.08573745800023172,0.3884230997182961,2.7755575615628914e-17,0.0,0.0,15.399744055931476,15.536923988731848
-0.18,0.20183823529411765,0.03639705882352942,0.11911764705882352,0.08272058823529412,0.11911764705882355,0.08272058823529412,0.37688590118819004,2.7755575615628914e-17,0.0,1.3877787807814457e-17,14.943083106351128,15.0754360475276
-0.175,0.19145299145299144,0.031908831908831925,0.11168091168091167,0.07977207977207977,0.11168091168091171,0.07977207977207977,0.36544375427139614,4.163336342344337e-17,0.0,2.7755575615628914e-17,14.490114843220521,14.617750170855848
-0.16999999999999998,0.18145635459068296,0.02767978290366349,0.1045680687471732,0.07688828584350971,0.1045680687471732,0.07688828584350971,0.35409252896224286,0.0,0.0,5.551115123125783e-17,14.040679901140097,14.163701158489712
-0.16499999999999998,0.171832566490854,0.02370104365391089,0.09776680507238242,0.07406576141847154,0.09776680507238247,0.07406576141847154,0.34282825441539383,5.551115123125783e-17,0.0,2.7755575615628914e-17,13.5946249583462,13.713130176615753
-0.16000000000000003,0.16256684491978612,0.01996434937611409,0.09126559714795011,0.07130124777183602,0.09126559714795013,0.07130124777183602,0.33164710870513214,1.3877787807814457e-17,0.0,1.3877787807814457e-17,13.151802351770348,13.265884348205287
-0.15500000000000003,0.15364531474720655,0.016461998008629283,0.08505365637791794,0.06859165836928866,0.08505365637791798,0.06859165836928866,0.32054540930194614,4.163336342344337e-17,0.0,4.163336342344337e-17,12.712069718686985,12.821816372077846
-0.15000000000000002,0.1450549450549451,0.013186813186813182,0.07912087912087915,0.06593406593406595,0.0791208791208792,0.06593406593406595,0.30951960420311175,5.551115123125783e-17,0.0,1.3877787807814457e-17,12.275289662629966,12.380784168124473
-0.14500000000000002,0.13678349164755982,0.010132110492411833,0.07345780106998583,0.06332569057757398,0.07345780106998588,0.06332569057757399,0.2985662636601784,5.551115123125783e-17,1.3877787807814457e-17,1.3877787807814457e-17,11.841329441483017,11.942650546407137
-0.14,0.1288194444444445,0.0072916666666666685,0.06805555555555556,0.06076388888888889,0.06805555555555554,0.060763888888888895,0.28768207245178096,2.7755575615628914e-17,6.938893903907228e-18,3.469446951953614e-17,11.410060675849017,11.507282898071239
-0.135,0.12115197929025993,0.004659691511163841,0.0629058354007119,0.058246143889548053,0.06290583540071193,0.058246143889548053,0.27686382265510007,2.7755575615628914e-17,0.0,2.0816681711721685e-17,10.981359075980725,11.074552906204003
-0.13,0.11377091377091378,0.0022308022308022424,0.05800085800085801,0.05577005577005577,0.05800085800085802,0.055770055770055775,0.2661084068736541,6.938893903907228e-18,6.938893903907228e-18,0.0,10.555104185714075,10.644336274946165
-0.125,0.10666666666666666,0.0,0.05333333333333334,0.05333333333333334,0.05333333333333332,0.05333333333333334,0.25541281188299536,1.3877787807814457e-17,0.0,1.3877787807814457e-17,10.131179141986483,10.216512475319814
-0.12,0.09983022071307299,-0.002037351443123933,0.04889643463497453,0.050933786078098474,0.048896434634974555,0.05093378607809848,0.2447741126593529,2.7755575615628914e-17,6.938893903907228e-18,1.3877787807814457e-17,9.709470448649158,9.790964506374117
-0.11499999999999999,0.0932530883750396,-0.003885545348959976,0.044683771513039795,0.048569316861999785,0.044683771513039795,0.048569316861999785,0.2341894667593668,0.0,0.0,1.3877787807814457e-17,9.289867763395472,9.367578670374673
-0.10999999999999999,0.0869272803699033,-0.005548549810844877,0.040689365279529204,0.0462379150903741,0.04068936527952918,0.04623791509037411,0.2236561090218324,2.0816681711721685e-17,6.938893903907228e-18,2.0816681711721685e-17,8.872263696728698,8.946244360873298
-0.10499999999999998,0.08084527670258393,-0.0070300240610942505,0.03690762632074484,0.0439376503818391,0.036907626320744846,0.0439376503818391,0.21317134656485975,6.938893903907228e-18,0.0,6.938893903907228e-18,8.45655362198345,8.526853862594391
-0.09999999999999998,0.07499999999999998,-0.008333333333333331,0.03333333333333332,0.04166666666666666,0.033333333333333305,0.04166666666666666,0.20273255405408214,1.3877787807814457e-17,0.0,6.938893903907228e-18,8.042635495496617,8.109302162163285
-0.09500000000000003,0.06938479095341843,-0.009461562402738877,0.029961614275339783,0.03942317667807865,0.02996161427533979,0.03942317667807865,0.19233716921954536,6.938893903907228e-18,0.0,6.938893903907228e-18,7.630409686096887,7.693486768781813
-0.09000000000000002,0.06399338569656884,-0.010417527904092602,0.02678792889623813,0.03720545680033073,0.02678792889623818,0.03720545680033073,0.18198268860070588,4.85722573273506e-17,0.0,1.3877787807814457e-17,7.219778813147709,7.279307544028239
-0.08500000000000002,0.05881989496447329,-0.011203789517042533,0.023808052723715386,0.03501184224075791,0.023808052723715358,0.035011842240757915,0.17166666350057913,2.7755575615628914e-17,6.938893903907228e-18,6.938893903907228e-18,6.8106475924379515,6.866666540023164
-0.08000000000000002,0.053858784893267654,-0.011822660098522175,0.02101806239737275,0.03284072249589492,0.02101806239737272,0.03284072249589492,0.16138669613152554,3.122502256758253e-17,0.0,1.3877787807814457e-17,6.402922689267592,6.4554678452610235
-0.07500000000000001,0.04910485933503838,-0.012276214833759597,0.01841432225063939,0.03069053708439898,0.018414322250639437,0.030690537084398985,0.15114043593646684,4.5102810375396984e-17,3.469446951953614e-18,6.938893903907228e-18,5.996512578123632,6.04561743745867
-0.07,0.044553243574051424,-0.012566299469604247,0.015993472052223585,0.028559771521827825,0.015993472052223547,0.028559771521827832,0.14092557607049389,3.8163916471489756e-17,6.938893903907228e-18,1.3877787807814457e-17,5.591327408384831,5.637023042819757
-0.065,0.04019936934187774,-0.012694537686908758,0.01375241582748449,0.026446953514393245,0.013752415827484477,0.026446953514393245,0.13073985002887842,1.214306433183765e-17,0.0,6.938893903907228e-18,5.1872788755321055,5.229594001155134
-0.06,0.03603896103896104,-0.01266233766233766,0.011688311688311687,0.024350649350649352,0.011688311688311704,0.024350649350649352,0.12058102840844404,1.734723475976807e-17,0.0,6.938893903907228e-18,4.784280097376726,4.8232411363377645
-0.05499999999999999,0.032068023079259024,-0.012470897864156283,0.009798562607551369,0.02226946047170766,0.009798562607551365,0.02226946047170766,0.11044691579009713,3.469446951953614e-18,0.0,1.0408340855860843e-17,4.382245494849152,4.417876631603884
-0.04999999999999999,0.028282828282828278,-0.012121212121212116,0.008080808080808077,0.020202020202020197,0.008080808080808044,0.020202020202020197,0.10033534773107555,3.2959746043559335e-17,0.0,3.469446951953614e-18,3.9810906769197922,4.013413909243025
-0.044999999999999984,0.02467990724871458,-0.011614073999395094,0.0065329166246597395,0.018146990624054837,0.006532916624659713,0.018146990624054837,0.0902441878561468,2.688821387764051e-17,0.0,3.469446951953614e-18,3.5807323292473816,3.609767514245869
-0.03999999999999998,0.021256038647342986,-0.010950080515297899,0.005152979066022539,0.016103059581320443,0.005152979066022568,0.016103059581320446,0.08017132503758966,2.862293735361732e-17,3.469446951953614e-18,3.469446951953614e-18,3.181088106173477,3.2068530015035894
-0.034999999999999976,0.01800824037785146,-0.010129635212541444,0.0039393025826550045,0.014068937795196454,0.0039393025826550245,0.014068937795196454,0.07011467065432507,1.9949319973733282e-17,0.0,5.204170427930421e-18,2.782076525700688,2.8045868261730025
-0.030000000000000027,0.014933761541549594,-0.009152950622240075,0.0028904054596547626,0.012043356081894833,0.0028904054596547548,0.012043356081894833,0.06007215592103168,7.806255641895632e-18,0.0,5.204170427930421e-18,2.3836168671102365,2.402886236841268
-0.025000000000000022,0.012030075187969934,-0.008020050125313292,0.0020050125313283242,0.010025062656641612,0.0020050125313282765,0.010025062656641614,0.05004172927849131,4.7704895589362195e-17,1.734723475976807e-18,3.469446951953614e-18,1.9856290708890258,2.0016691711396524
-0.020000000000000018,0.009294871794871802,-0.006730769230769235,0.0012820512820512842,0.00801282051282052,0.0012820512820512775,0.00801282051282052,0.04002135383676825,6.7220534694101275e-18,0.0,3.469446951953614e-18,1.5880336406502185,1.6008541534707312
-0.015000000000000013,0.0067260534481032985,-0.005284756280652593,0.0007206485837253541,0.006005404864377946,0.0007206485837253141,0.006005404864377946,0.0300090048631265,4.0007060164715114e-17,0.0,1.734723475976807e-18,1.1907515467420544,1.200360194525059
-0.010000000000000009,0.004321728691476593,-0.003681472589035618,0.00032012805122048877,0.004001600640256106,0.00032012805122052514,0.004001600640256106,0.0200026673068496,3.6374982886888674e-17,0.0,1.734723475976807e-18,0.7937041312495743,0.8001066922739841
-0.0050000000000000044,0.0020802080208020815,-0.001920192019201922,8.000800080008015e-05,0.002000200020002002,8.00080008000137e-05,0.002000200020002002,0.010000333353334771,6.644804064620535e-17,0.0,4.336808689942018e-19,0.3968130141013855,0.4000133341333887
0.0,0.0,0.0,0.0,-0.0,-0.0,-0.0,-0.0,0.0,0.0,0.0,0.0,0.0
0.0050000000000000044,-0.001920192019201922,0.0020802080208020815,8.000800080008015e-05,-0.002000200020002002,8.00080008000137e-05,-0.002000200020002002,-0.010000333353334771,6.644804064620535e-17,0.0,4.336808689942018e-19,-0.39681301410138764,-0.40001333413339085
0.010000000000000009,-0.003681472589035618,0.004321728691476593,0.00032012805122048877,-0.004001600640256106,0.00032012805122052514,-0.004001600640256106,-0.0200026673068496,3.6374982886888674e-17,0.0,1.734723475976807e-18,-0.7937041312495752,-0.800106692273985
0.015000000000000013,-0.005284756280652593,0.0067260534481032985,0.0007206485837253541,-0.006005404864377946,0.0007206485837253141,-0.006005404864377946,-0.0300090048631265,4.0007060164715114e-17,0.0,1.734723475976807e-18,-1.1907515467420562,-1.2003601945250608
0.020000000000000018,-0.006730769230769235,0.009294871794871802,0.0012820512820512842,-0.00801282051282052,0.0012820512820512775,-0.00801282051282052,-0.04002135383676825,6.7220534694101275e-18,0.0,3.469446951953614e-18,-1.5880336406502171,-1.60085415347073
0.025000000000000022,-0.008020050125313292,0.012030075187969934,0.0020050125313283242,-0.010025062656641612,0.0020050125313282765,-0.010025062656641614,-0.05004172927849131,4.7704895589362195e-17,1.734723475976807e-18,3.469446951953614e-18,-1.9856290708890265,-2.0016691711396533
0.02999999999999997,-0.009152950622240055,0.014933761541549566,0.0028904054596547513,-0.01204335608189481,0.0028904054596547548,-0.01204335608189481,-0.060072155921031566,3.469446951953614e-18,0.0,5.204170427930421e-18,-2.3836168671102325,-2.4028862368412645
0.034999999999999976,-0.010129635212541444,0.01800824037785146,0.0039393025826550045,-0.014068937795196454,0.0039393025826550245,-0.014068937795196454,-0.07011467065432507,1.9949319973733282e-17,0.0,5.204170427930421e-18,-2.7820765257006856,-2.804586826173
0.03999999999999998,-0.010950080515297899,0.021256038647342986,0.005152979066022539,-0.016103059581320443,0.005152979066022568,-0.016103059581320446,-0.08017132503758966,2.862293735361732e-17,3.469446951953614e-18,3.469446951953614e-18,-3.181088106173475,-3.206853001503587
0.044999999999999984,-0.011614073999395094,0.02467990724871458,0.0065329166246597395,-0.018146990624054837,0.006532916624659713,-0.018146990624054837,-0.0902441878561468,2.688821387764051e-17,0.0,3.469446951953614e-18,-3.580732329247383,-3.6097675142458705
0.04999999999999999,-0.012121212121212116,0.028282828282828278,0.008080808080808077,-0.020202020202020197,0.008080808080808044,-0.020202020202020197,-0.10033534773107555,3.2959746043559335e-17,0.0,3.469446951953614e-18,-3.9810906769197922,-4.013413909243025
0.05499999999999999,-0.012470897864156283,0.032068023079259024,0.009798562607551369,-0.02226946047170766,0.009798562607551365,-0.02226946047170766,-0.11044691579009713,3.469446951953614e-18,0.0,1.0408340855860843e-17,-4.38224549484915,-4.417876631603883
0.06,-0.01266233766233766,0.03603896103896104,0.011688311688311687,-0.024350649350649352,0.011688311688311704,-0.024350649350649352,-0.12058102840844404,1.734723475976807e-17,0.0,6.938893903907228e-18,-4.7842800973767226,-4.823241136337762
0.065,-0.012694537686908758,0.04019936934187774,0.01375241582748449,-0.026446953514393245,0.013752415827484477,-0.026446953514393245,-0.13073985002887842,1.214306433183765e-17,0.0,6.938893903907228e-18,-5.1872788755321055,-5.229594001155134
0.07,-0.012566299469604247,0.044553243574051424,0.015993472052223585,-0.028559771521827825,0.015993472052223547,-0.028559771521827832,-0.14092557607049389,3.8163916471489756e-17,6.938893903907228e-18,1.3877787807814457e-17,-5.591327408384833,-5.637023042819758
0.07500000000000001,-0.012276214833759597,0.04910485933503838,0.01841432225063939,-0.03069053708439898,0.018414322250639437,-0.030690537084398985,-0.15114043593646684,4.5102810375396984e-17,3.469446951953614e-18,6.938893903907228e-18,-5.996512578123632,-6.04561743745867
0.08000000000000002,-0.011822660098522175,0.053858784893267654,0.02101806239737275,-0.03284072249589492,0.02101806239737272,-0.03284072249589492,-0.16138669613152554,3.122502256758253e-17,0.0,1.3877787807814457e-17,-6.402922689267592,-6.4554678452610235
0.08500000000000002,-0.011203789517042533,0.05881989496447329,0.023808052723715386,-0.03501184224075791,0.023808052723715358,-0.035011842240757915,-0.17166666350057913,2.7755575615628914e-17,6.938893903907228e-18,6.938893903907228e-18,-6.810647592437951,-6.866666540023163
0.09000000000000002,-0.010417527904092602,0.06399338569656884,0.02678792889623813,-0.03720545680033073,0.02678792889623818,-0.03720545680033073,-0.18198268860070588,4.85722573273506e-17,0.0,1.3877787807814457e-17,-7.219778813147709,-7.279307544028239
0.09500000000000003,-0.009461562402738877,0.06938479095341843,0.029961614275339783,-0.03942317667807865,0.02996161427533979,-0.03942317667807865,-0.19233716921954536,6.938893903907228e-18,0.0,6.938893903907228e-18,-7.630409686096886,-7.693486768781812
0.10000000000000003,-0.008333333333333318,0.07500000000000004,0.033333333333333354,-0.04166666666666668,0.033333333333333395,-0.041666666666666685,-0.20273255405408225,4.163336342344337e-17,6.938893903907228e-18,6.938893903907228e-18,-8.042635495496626,-8.109302162163292
0.10500000000000004,-0.007030024061094264,0.08084527670258401,0.03690762632074488,-0.043937650381839125,0.036907626320744846,-0.043937650381839125,-0.21317134656485986,3.469446951953614e-17,0.0,2.0816681711721685e-17,-8.456553621983451,-8.526853862594393
0.11000000000000004,-0.005548549810844891,0.08692728036990338,0.040689365279529245,-0.04623791509037412,0.040689365279529266,-0.04623791509037413,-0.2236561090218325,2.0816681711721685e-17,6.938893903907228e-18,1.3877787807814457e-17,-8.872263696728703,-8.946244360873303
0.11500000000000005,-0.003885545348959976,0.09325308837503965,0.044683771513039844,-0.048569316861999806,0.044683771513039795,-0.04856931686199981,-0.23418946675936692,4.85722573273506e-17,6.938893903907228e-18,1.3877787807814457e-17,-9.289867763395476,-9.367578670374675
0.12000000000000005,-0.002037351443123933,0.09983022071307307,0.04889643463497459,-0.05093378607809851,0.048896434634974555,-0.0509337860780985,-0.244774112659353,3.469446951953614e-17,6.938893903907228e-18,2.7755575615628914e-17,-9.709470448649164,-9.790964506374122
0.12500000000000006,1.3877787807814457e-17,0.10666666666666672,0.05333333333333338,-0.05333333333333336,0.05333333333333341,-0.05333333333333337,-0.25541281188299547,3.469446951953614e-17,1.3877787807814457e-17,2.0816681711721685e-17,-10.131179141986486,-10.216512475319819
0.12999999999999995,0.0022308022308022007,0.11377091377091372,0.05800085800085795,-0.05577005577005575,0.05800085800085793,-0.05577005577005574,-0.266108406873654,2.0816681711721685e-17,6.938893903907228e-18,2.7755575615628914e-17,-10.55510418571407,-10.64433627494616
0.13499999999999995,0.004659691511163813,0.12115197929025988,0.06290583540071186,-0.058246143889548026,0.06290583540071185,-0.05824614388954803,-0.27686382265509996,1.3877787807814457e-17,6.938893903907228e-18,2.0816681711721685e-17,-10.981359075980723,-11.074552906204001
0.13999999999999996,0.007291666666666641,0.12881944444444438,0.06805555555555552,-0.060763888888888874,0.06805555555555554,-0.060763888888888874,-0.28768207245178085,1.3877787807814457e-17,0.0,2.0816681711721685e-17,-11.410060675849012,-11.507282898071233
0.14499999999999996,0.010132110492411806,0.1367834916475597,0.07345780106998577,-0.06332569057757396,0.07345780106998578,-0.06332569057757395,-0.29856626366017824,1.3877787807814457e-17,1.3877787807814457e-17,2.7755575615628914e-17,-11.84132944148301,-11.94265054640713
0.14999999999999997,0.013186813186813195,0.14505494505494504,0.07912087912087909,-0.06593406593406592,0.07912087912087912,-0.06593406593406592,-0.30951960420311164,2.7755575615628914e-17,0.0,2.7755575615628914e-17,-12.27528966262996,-12.380784168124466
0.15499999999999997,0.016461998008629256,0.15364531474720655,0.08505365637791788,-0.06859165836928863,0.0850536563779179,-0.06859165836928863,-0.320545409301946,1.3877787807814457e-17,0.0,4.163336342344337e-17,-12.712069718686983,-12.821816372077844
0.15999999999999998,0.019964349376114063,0.16256684491978607,0.09126559714795006,-0.071301247771836,0.09126559714795004,-0.071301247771836,-0.33164710870513203,1.3877787807814457e-17,0.0,1.3877787807814457e-17,-13.15180235177034,-13.26588434820528
0.16499999999999998,0.02370104365391089,0.171832566490854,0.09776680507238242,-0.07406576141847154,0.09776680507238247,-0.07406576141847154,-0.34282825441539383,5.551115123125783e-17,0.0,2.7755575615628914e-17,-13.5946249583462,-13.713130176615753
0.16999999999999998,0.02767978290366349,0.18145635459068296,0.1045680687471732,-0.07688828584350971,0.1045680687471732,-0.07688828584350971,-0.35409252896224286,0.0,0.0,5.551115123125783e-17,-14.040679901140097,-14.163701158489712
0.175,0.031908831908831925,0.19145299145299144,0.11168091168091167,-0.07977207977207977,0.11168091168091171,-0.07977207977207977,-0.36544375427139614,4.163336342344337e-17,0.0,2.7755575615628914e-17,-14.490114843220521,-14.617750170855848
0.18,0.03639705882352942,0.20183823529411765,0.11911764705882352,-0.08272058823529412,0.11911764705882355,-0.08272058823529412,-0.37688590118819004,2.7755575615628914e-17,0.0,1.3877787807814457e-17,-14.943083106351132,-15.075436047527601
0.185,0.04115397984011124,0.21262889584057468,0.12689143784034296,-0.08573745800023172,0.12689143784034293,-0.08573745800023172,-0.3884230997182961,2.7755575615628914e-17,0.0,0.0,-15.399744055931475,-15.536923988731846
0.19,0.046189808321645626,0.2238429172510519,0.13501636278634876,-0.08882655446470314,0.13501636278634876,-0.08882655446470314,-0.4000596500560566,0.0,0.0,0.0,-15.860263515098737,-16.00238600224226
0.195,0.05151550890435194,0.2354994692770374,0.14350748909069466,-0.09199198018634273,0.14350748909069466,-0.09199198018634275,-0.4118000344786903,0.0,1.3877787807814457e-17,1.3877787807814457e-17,-16.324814210849464,-16.472001379147613
0.2,0.05714285714285716,0.2476190476190476,0.1523809523809524,-0.09523809523809523,0.1523809523809524,-0.09523809523809525,-0.42364893019360184,0.0,1.3877787807814457e-17,2.7755575615628914e-17,-16.793576255363117,-16.945957207744073
0.20500000000000002,0.06308450534920063,0.2602235845654526,0.16165404495732663,-0.09856953960812599,0.16165404495732663,-0.09856953960812599,-0.4356112232362245,0.0,0.0,4.163336342344337e-17,-17.266737666075976,-17.424448929448978
0.21000000000000002,0.06935405536668285,0.2733365711510442,0.17134531325886357,-0.10199125789218068,0.17134531325886357,-0.10199125789218069,-0.44769202352742077,0.0,1.3877787807814457e-17,4.163336342344337e-17,-17.744494928469337,-17.907680941096828
0.21500000000000002,0.07596613912403388,0.28698319224635027,0.18147466568519205,-0.10550852656115817,0.1814746656851921,-0.10550852656115817,-0.4598966812126786,5.551115123125783e-17,0.0,5.551115123125783e-17,-18.227053606009292,-18.395867248507145
0.22000000000000003,0.08293650793650797,0.30119047619047634,0.1920634920634921,-0.10912698412698414,0.1920634920634921,-0.10912698412698414,-0.47223080442042575,0.0,0.0,9.71445146547012e-17,-18.714629002213854,-18.889232176817032
0.22500000000000003,0.09028213166144206,0.31598746081504714,0.2031347962382446,-0.11285266457680254,0.2031347962382446,-0.11285266457680254,-0.48470027859405185,0.0,0.0,0.0,-19.20744688043919,-19.388011143762075
0.23000000000000004,0.09802130898021316,0.3314053779807206,0.2147133434804668,-0.1166920345002537,0.2147133434804669,-0.11669203450025373,-0.49731128757203114,8.326672684688674e-17,2.7755575615628914e-17,1.1102230246251565e-16,-19.705744247680837,-19.892451502881244
0.23500000000000004,0.10617379027082538,0.34747785906815576,0.22682582466949053,-0.12065203439866516,0.22682582466949058,-0.12065203439866518,-0.5100703366133074,5.551115123125783e-17,1.3877787807814457e-17,6.938893903907228e-17,-20.20977020949443,-20.402813464532294
0.24000000000000005,0.1147609147609148,0.36424116424116443,0.23950103950103963,-0.12474012474012479,0.2395010395010397,-0.1247401247401248,-0.522984277591344,8.326672684688674e-17,1.3877787807814457e-17,4.163336342344337e-17,-20.719786904069558,-20.919371103653756
0.24500000000000005,0.12380576391630482,0.3817344387419399,0.2527701013291224,-0.12896433741281751,0.2527701013291225,-0.12896433741281751,-0.5360603366105668,5.551115123125783e-17,0.0,8.326672684688674e-17,-21.236070524562166,-21.442413464422675
0.25000000000000006,0.13333333333333341,0.4000000000000002,0.26666666666666683,-0.1333333333333334,0.2666666666666668,-0.1333333333333334,-0.549306144334055,5.551115123125783e-17,0.0,2.7755575615628914e-17,-21.75891244002887,-21.9722457733622
0.25499999999999995,0.14337072577375315,0.41908365995404767,0.2812271928639004,-0.13785646709014726,0.2812271928639003,-0.13785646709014726,-0.5627297693521487,1.1102230246251565e-16,0.0,0.0,-22.288620426741712,-22.509190774085948
0.25999999999999995,0.15394736842105256,0.4390350877192981,0.29649122807017536,-0.14254385964912278,0.29649122807017536,-0.14254385964912278,-0.5763397549691927,0.0,0.0,2.7755575615628914e-17,-22.825520023329112,-23.053590198767708
0.26499999999999996,0.16509525796134047,0.45990821860659137,0.31250173828396594,-0.14740648032262546,0.31250173828396594,-0.14740648032262546,-0.5901451598411883,0.0,0.0,2.7755575615628914e-17,-23.36995602513133,-23.605806393647534
0.26999999999999996,0.17684923771880282,0.4817617165443251,0.3293054771315639,-0.15245623941276107,0.32930547713156405,-0.15245623941276112,-0.604155602962267,1.6653345369377348e-16,5.551115123125783e-17,1.3877787807814457e-16,-23.922294135430263,-24.166224118490682
0.27499999999999997,0.18924731182795687,0.5046594982078851,0.346953405017921,-0.15770609318996412,0.34695340501792105,-0.15770609318996415,-0.6183813135744634,5.551115123125783e-17,2.7755575615628914e-17,2.7755575615628914e-17,-24.482922793874593,-24.735252542978536
0.27999999999999997,0.2023310023310022,0.5286713286713285,0.36550116550116535,-0.1631701631701631,0.3655011655011653,-0.16317016317016314,-0.6328331866656378,5.551115123125783e-17,2.7755575615628914e-17,2.7755575615628914e-17,-25.05225520555325,-25.313327466625513
0.285,0.2161457561842689,0.5538735002221891,0.38500962820322915,-0.16886387201896016,0.3850096282032291,-0.16886387201896014,-0.6475228448273728,5.551115123125783e-17,2.7755575615628914e-17,2.498001805406602e-16,-25.630731597864575,-25.90091379309491
0.29,0.23074141048824595,0.5803496081977094,0.4055455093429777,-0.17480409885473178,0.4055455093429776,-0.17480409885473178,-0.6624627073717992,5.551115123125783e-17,0.0,5.551115123125783e-17,-26.2188217367044,-26.498508294871968
0.295,0.2461727258782022,0.6081914404049701,0.42718208314158607,-0.18100935726338396,0.42718208314158607,-0.18100935726338394,-0.6776660677579618,0.0,2.7755575615628914e-17,8.326672684688674e-17,-26.817027738697057,-27.10664271031847
0.3,0.2625,0.6375,0.45,-0.1875,0.45,-0.1875,-0.6931471805599453,0.0,0.0,5.551115123125783e-17,-27.42588722239781,-27.725887222397812
0.305,0.2797897754419494,0.6683866857779901,0.4740882306099697,-0.19429845516802038,0.4740882306099698,-0.1942984551680204,-0.7089213594274083,1.1102230246251565e-16,2.7755575615628914e-17,8.326672684688674e-17,-28.045976848827493,-28.356854377096326
0.31,0.2981156595191683,0.7009746588693957,0.49954515919428205,-0.20142949967511373,0.49954515919428194,-0.2014294996751137,-0.7250050877529991,1.1102230246251565e-16,2.7755575615628914e-17,8.326672684688674e-17,-28.677916310639787,-29.000203510119967
0.315,0.31755927706847953,0.7354004311059525,0.526479854087216,-0.20892057701873654,0.5264798540872162,-0.20892057701873656,-0.741416144081269,2.220446049250313e-16,2.7755575615628914e-17,8.326672684688674e-17,-29.322372840020776,-29.656645763250754
0.32,0.3382113821138211,0.7718157181571815,0.5550135501355014,-0.21680216802168023,0.5550135501355014,-0.2168021680216802,-0.7581737446840442,0.0,2.7755575615628914e-17,5.551115123125783e-17,-29.980066318527086,-30.326949787361773
0.325,0.3601731601731602,0.8103896103896104,0.5852813852813854,-0.22510822510822515,0.5852813852813853,-0.22510822510822515,-0.7752987062055835,1.1102230246251565e-16,0.0,1.1102230246251565e-16,-30.65177508805018,-31.01194824822334
0.33,0.38355776045357903,0.8513111268603827,0.6174344436569809,-0.23387668320340185,0.617434443656981,-0.23387668320340188,-0.7928136318701909,1.1102230246251565e-16,2.7755575615628914e-17,2.7755575615628914e-17,-31.3383425816822,-31.712545274807642
0.335,0.4084921066956996,0.8947922337143894,0.6516421702050447,-0.24315006350934498,0.6516421702050446,-0.24315006350934498,-0.8107431254751375,1.1102230246251565e-16,0.0,2.220446049250313e-16,-32.04068491739055,-32.4297250190055
0.34,0.43511904761904785,0.941071428571429,0.6880952380952384,-0.2529761904761906,0.6880952380952383,-0.2529761904761906,-0.8291140383017663,1.1102230246251565e-16,0.0,0.0,-32.75979962730875,-33.16456153207065
0.34500000000000003,0.4635999236495516,0.9904180187058604,0.727008971177706,-0.2634090475281543,0.7270089711777059,-0.2634090475281543,-0.8479557552189637,1.1102230246251565e-16,0.0,1.1102230246251565e-16,-33.4967757327135,-33.91823020875855
0.35000000000000003,0.49411764705882366,1.0431372549019613,0.7686274509803924,-0.2745098039215687,0.7686274509803925,-0.2745098039215687,-0.8673005276940533,1.1102230246251565e-16,0.0,1.6653345369377348e-16,-34.25280542148762,-34.69202110776213
0.35500000000000004,0.5268804194394033,1.0995765275257114,0.8132284734825573,-0.28634805404315394,0.8132284734825573,-0.28634805404315394,-0.8871838632580931,0.0,0.0,1.6653345369377348e-16,-35.02919764385468,-35.48735453032372
0.36000000000000004,0.5621262458471763,1.160132890365449,0.8611295681063126,-0.29900332225913634,0.8611295681063127,-0.29900332225913634,-0.9076449833191247,1.1102230246251565e-16,0.0,1.6653345369377348e-16,-35.827394017150375,-36.30579933276499
0.36500000000000005,0.6001284521515737,1.22526225647613,0.9126953543138522,-0.31256690216227806,0.9126953543138518,-0.312566902162278,-0.9287273642467251,3.3306690738754696e-16,5.551115123125783e-17,3.885780586188048e-16,-36.64898752640936,-37.14909456986901
0.37000000000000005,0.6412024756852346,1.2954907161803721,0.9683465959328035,-0.3271441202475687,0.9683465959328035,-0.32714412024756867,-0.9504793805965237,0.0,5.551115123125783e-17,1.6653345369377348e-16,-37.49574463146484,-38.01917522386095
0.37500000000000006,0.685714285714286,1.371428571428572,1.0285714285714291,-0.342857142857143,1.0285714285714294,-0.3428571428571431,-0.972955074527657,2.220446049250313e-16,5.551115123125783e-17,5.551115123125783e-17,-38.36963155253485,-38.918202981106276
0.38000000000000006,0.7340909090909095,1.4537878787878795,1.0939393939393947,-0.3598484848484851,1.0939393939393949,-0.3598484848484851,-0.9962150823451034,2.220446049250313e-16,0.0,2.220446049250313e-16,-39.27284571804656,-39.84860329380414
0.38499999999999995,0.7868337017931706,1.5434045689019888,1.1651191353475798,-0.3782854335544091,1.16511913534758,-0.37828543355440913,-1.0203277583223396,2.220446049250313e-16,5.551115123125783e-17,1.6653345369377348e-16,-40.207853639206526,-40.81311033289359
0.38999999999999996,0.8445352400408574,1.6412665985699686,1.2429009193054128,-0.3983656792645554,1.2429009193054132,-0.39836567926455557,-1.0453705484668845,4.440892098500626e-16,1.6653345369377348e-16,3.885780586188048e-16,-41.17743685185209,-41.81482193867538
0.39499999999999996,0.9079010375099754,1.7485501463155084,1.328225591912742,-0.4203245544027665,1.328225591912742,-0.4203245544027665,-1.0714316840586657,0.0,0.0,0.0,-42.1847480753022,-42.85726736234663
0.39999999999999997,0.9777777777777771,1.8666666666666656,1.4222222222222216,-0.44444444444444425,1.4222222222222218,-0.4444444444444443,-1.0986122886681096,2.220446049250313e-16,5.551115123125783e-17,2.7755575615628914e-16,-43.23338043561328,-43.94449154672438
0.40499999999999997,1.0551904623437036,1.997324803722011,1.5262576330328577,-0.47106717068915366,1.5262576330328579,-0.4710671706891537,-1.1270290260496925,2.220446049250313e-16,5.551115123125783e-17,3.885780586188048e-16,-44.32745356888505,-45.0811610419877
0.41,1.1413919413919413,2.1426129426129426,1.6420024420024415,-0.5006105006105005,1.6420024420024413,-0.5006105006105004,-1.156817464590315,2.220446049250313e-16,1.1102230246251565e-16,5.551115123125783e-16,-45.471721782635804,-46.2726985836126
0.415,1.2379299260687882,2.3051108968177436,1.7715204114432654,-0.5335904853744776,1.7715204114432657,-0.5335904853744776,-1.1881364043926024,2.220446049250313e-16,0.0,5.551115123125783e-16,-46.67171139910493,-47.52545617570409
0.42,1.3467391304347827,2.4880434782608694,1.9173913043478255,-0.5706521739130433,1.917391304347826,-0.5706521739130435,-1.2211735176846021,4.440892098500626e-16,1.1102230246251565e-16,5.551115123125783e-16,-47.93389722912322,-48.846940707384086
0.425,1.4702702702702701,2.6954954954954955,2.082882882882882,-0.6126126126126125,2.082882882882883,-0.6126126126126127,-1.2561528119880574,8.881784197001252e-16,2.220446049250313e-16,9.992007221626409e-16,-49.26593229934212,-50.246112479522296
0.43,1.611674347158218,2.932718894009217,2.2721966205837165,-0.660522273425499,2.2721966205837165,-0.6605222734254991,-1.2933446720489712,0.0,1.1102230246251565e-16,1.3322676295501878e-15,-50.67695124447805,-51.73378688195885
0.435,1.7750719868366927,3.206581653640477,2.490826820238585,-0.7157548334018923,2.4908268202385844,-0.715754833401892,-1.3330796296965248,4.440892098500626e-16,2.220446049250313e-16,1.1102230246251565e-16,-52.17797745441797,-53.323185187861
0.44,1.9659574468085108,3.526241134751773,2.746099290780142,-0.7801418439716312,2.7460992907801423,-0.7801418439716312,-1.3757676565209744,4.440892098500626e-16,0.0,2.220446049250313e-16,-53.78247931048436,-55.030706260838976
0.445,2.191822991822992,3.9041847041847046,3.048003848003849,-0.8561808561808564,3.048003848003848,-0.8561808561808564,-1.421925871130636,8.881784197001252e-16,0.0,6.661338147750939e-16,-55.507145475336074,-56.87703484522544
0.45,2.463157894736842,4.3578947368421055,3.4105263157894745,-0.9473684210526319,3.410526315789475,-0.9473684210526319,-1.4722194895832204,4.440892098500626e-16,0.0,8.881784197001252e-16,-57.372990109644604,-58.88877958332881
