t_over_beta,eps_0.05_s_10,eps_0.02_s_10,eps_0.01_s_10,eps_0.005_s_10,eps_0.02_s_20,eps_0.01_s_20,eps_0.005_s_20,eps_0.005_s_40
0.000000000000000000e+00,0.000000000000000000e+00,0.000000000000000000e+00,0.000000000000000000e+00,0.000000000000000000e+00,0.000000000000000000e+00,0.000000000000000000e+00,0.000000000000000000e+00,0.000000000000000000e+00
1.250000000000000069e-02,1.081972700332833881e-03,1.072767054438372725e-03,1.069667676032004522e-03,1.068118122356409572e-03,1.288132751596116066e-03,1.280803333583158121e-03,1.277124165014242863e-03,1.406172598960253595e-03
2.500000000000000139e-02,4.325616425001399534e-03,4.288794888122282600e-03,4.276397718748103927e-03,4.270199649181627422e-03,5.149283686077588129e-03,5.119970156588493637e-03,5.105255512783291039e-03,5.620779924326413379e-03
3.750000000000000555e-02,9.724127278300631616e-03,9.641282805898931940e-03,9.613390484484174436e-03,9.599445383449367597e-03,1.157374371776986877e-02,1.150780381162608279e-02,1.147470347451662320e-02,1.263213428916110104e-02
5.000000000000000278e-02,1.726622920012355067e-02,1.711896028149295645e-02,1.706937726651780451e-02,1.704458739695624558e-02,2.054543993202884167e-02,2.042825209976317780e-02,2.036942600239921575e-02,2.242090027427057208e-02
6.250000000000000000e-02,2.693626841756602275e-02,2.670618170137206704e-02,2.662871513654030409e-02,2.658998392302125424e-02,3.204209648009426203e-02,3.185906817863726204e-02,3.176719047197984480e-02,3.496030728336929627e-02
7.500000000000001110e-02,3.871434331979939358e-02,3.838305663494567810e-02,3.827151734804834504e-02,3.821574982793807251e-02,4.603545503169703679e-02,4.577203101555760156e-02,4.563979414042584892e-02,5.021644013625525815e-02
8.750000000000000833e-02,5.257646748494781974e-02,5.212561334679088887e-02,5.197381701047909530e-02,5.189792036989970825e-02,6.249155019470009620e-02,6.213322080565042427e-02,6.195333956770543438e-02,6.814860111614873261e-02
1.000000000000000056e-01,6.849476305703916523e-02,6.790599273302921901e-02,6.770776121415478244e-02,6.760864542076339134e-02,8.137103428305803021e-02,8.090334372989360645e-02,8.066855937799122245e-02,8.870973536179072028e-02
1.125000000000000028e-01,8.643768122202466486e-02,8.569266941330866416e-02,8.544183232831326080e-02,8.531641087177943561e-02,1.026295449860938902e-01,1.020380996064678136e-01,1.017411839080293312e-01,1.118469104491106592e-01
1.250000000000000000e-01,1.063702461743574190e-01,1.054506963504913131e-01,1.051410928405167589e-01,1.049862835864368016e-01,1.262181088675271567e-01,1.254885853601339640e-01,1.251223446693185970e-01,1.375018401000058788e-01
1.375000000000000111e-01,1.282543187063147627e-01,1.271419691109278993e-01,1.267674498425868101e-01,1.265801760037450485e-01,1.520835732340639623e-01,1.512017268447150009e-01,1.507590061567722906e-01,1.656114415938789719e-01
1.500000000000000222e-01,1.520488753937483395e-01,1.507255057194334391e-01,1.502799351106367531e-01,1.500571263361769603e-01,1.801690587404145560e-01,1.791207313839007220e-01,1.785944183664773810e-01,1.961084162287933808e-01
1.625000000000000056e-01,1.777102992930221781e-01,1.761577380055880937e-01,1.756349966702885901e-01,1.753735902481281528e-01,2.104144251407085164e-01,2.091855534422912832e-01,2.085685824326284354e-01,2.289218424866055202e-01
1.750000000000000167e-01,2.051926780997295197e-01,2.033928103747437710e-01,2.027867977739856720e-01,2.024837399423513595e-01,2.427567428459935783e-01,2.413333660726633134e-01,2.406187220333459997e-01,2.639777719140843359e-01
1.875000000000000000e-01,2.344481058426399755e-01,2.323828820624145308e-01,2.316875193453524773e-01,2.313397667034067240e-01,2.771307633494517475e-01,2.754990312148994924e-01,2.746797536322298505e-01,3.011998185486755020e-01
2.000000000000000111e-01,2.654269843863161782e-01,2.630784291329906210e-01,2.622876621461944779e-01,2.618921831536580314e-01,3.134693821523253376e-01,3.116155624655951861e-01,3.106847491803761407e-01,3.405097335700171257e-01
2.125000000000000222e-01,2.980783212805566684e-01,2.954285427505998207e-01,2.945363451907327956e-01,2.940901217437459358e-01,3.517040884795781253e-01,3.496145746161691825e-01,3.485653855733672479e-01,3.818279579229022502e-01
2.250000000000000056e-01,3.323500208116447752e-01,3.293812205701418527e-01,3.283815972533452587e-01,3.278816263234802797e-01,3.917653968287035937e-01,3.894267149966670338e-01,3.882523759023102095e-01,4.250741467799130646e-01
2.375000000000000167e-01,3.681891654657789559e-01,3.648836484538597880e-01,3.637706386727077579e-01,3.632139339933528888e-01,4.335832561824197739e-01,4.309820724627821953e-01,4.296758783334477805e-01,4.701676609265241780e-01
2.500000000000000000e-01,4.055422853954659956e-01,4.018824701021128654e-01,4.006501510407169953e-01,4.000337448271538143e-01,4.770874335283634693e-01,4.742105606620428127e-01,4.727658792603057769e-01,5.170280212449771540e-01
2.625000000000000111e-01,4.443556138729745086e-01,4.403240425825059035e-01,4.389665327605820622e-01,4.382874774471434698e-01,5.222078691194464994e-01,5.190422730253501094e-01,5.174525481625544820e-01,5.655753236631024805e-01
2.750000000000000222e-01,4.845753271088453218e-01,4.801546761377335493e-01,4.786661388550541574e-01,4.779215088353341301e-01,5.688750016794079656e-01,5.654078076797923735e-01,5.636665623819818727e-01,6.157306129505206727e-01
2.875000000000000333e-01,5.261477671987400129e-01,5.213208570390519547e-01,5.196955037911035191e-01,5.188823971481628661e-01,6.170200624658424005e-01,6.132385612051272084e-01,6.113394007294945531e-01,6.674162146852751221e-01
3.000000000000000444e-01,5.690196473291670998e-01,5.637694526214818147e-01,5.620015464626266777e-01,5.611170866746233443e-01,6.665753377527448009e-01,6.624669907913269817e-01,6.604036054881397000e-01,7.205560255829972505e-01
3.125000000000000000e-01,6.131382387154280522e-01,6.074478979805038037e-01,6.055317568100231362e-01,6.045730944185079281e-01,7.174743998682791002e-01,7.130268449429766342e-01,7.107930129523736262e-01,7.750757630743958515e-01
3.250000000000000111e-01,6.584515390582907912e-01,6.523043641238239765e-01,6.502343638732006603e-01,6.491986781053333821e-01,7.696523074152681332e-01,7.648533633515328667e-01,7.624429531334606658e-01,8.309031756215858877e-01
3.375000000000000222e-01,7.049084225855302144e-01,6.982879076521895101e-01,6.960584853554419027e-01,6.949429856889932644e-01,8.230457757202378488e-01,8.178834469934499474e-01,8.152904196824111160e-01,8.879682157326245218e-01
3.500000000000000333e-01,7.524587719890241111e-01,7.453486022879269868e-01,7.429542590187128148e-01,7.417561866802993009e-01,8.775933188860891576e-01,8.720557998207971728e-01,8.692742114063833903e-01,9.462031780055548680e-01
3.625000000000000444e-01,8.010535927761441854e-01,7.934376527776088039e-01,7.908729564394914036e-01,7.895895858317194538e-01,9.332353650837532655e-01,9.273110436930269707e-01,9.243350470189901635e-01,1.005542804774797183e+00
3.750000000000000000e-01,8.506451107268357958e-01,8.425074918682078362e-01,8.397670798270775450e-01,8.383957198764426799e-01,9.899143469077111845e-01,9.835918083686823188e-01,9.804156549533860066e-01,1.065924362088506605e+00
3.875000000000000111e-01,9.011868532857851832e-01,8.925118611934670376e-01,8.895904427432848038e-01,8.881284381657588156e-01,1.047574768744105711e+00,1.040842798510023481e+00,1.037460840185959743e+00,1.127287688852540271e+00
4.000000000000000222e-01,9.526337158247590864e-01,9.434058770121502846e-01,9.402982356682230147e-01,9.387429681482735155e-01,1.106163253167214755e+00,1.099010839718240984e+00,1.095417530092288150e+00,1.189575221954841666e+00
4.125000000000000333e-01,1.004942013786056965e+00,9.951460818158381905e-01,9.918470774311023419e-01,9.901959667118593877e-01,1.165628568400921772e+00,1.158044905640249755e+00,1.154234801376943675e+00,1.252732000131184797e+00
4.250000000000000444e-01,1.058069521767080801e+00,1.047690482871857398e+00,1.044195053573910847e+00,1.042445558458406030e+00,1.225921638865549390e+00,1.217896128163391989e+00,1.213863890090764119e+00,1.316705649282232216e+00
4.375000000000000000e-01,1.111975500631125602e+00,1.100998578791338112e+00,1.097301742739416941e+00,1.095451362000450235e+00,1.286995540771455282e+00,1.278517792665409214e+00,1.274258186708645990e+00,1.381446351769612058e+00
4.500000000000000111e-01,1.166620713734299208e+00,1.155031375217148604e+00,1.151128232180073319e+00,1.149174505380687883e+00,1.348805484645257735e+00,1.339865320204112198e+00,1.335373218150426755e+00,1.446906802087704058e+00
4.625000000000000222e-01,1.221967433345573451e+00,1.209751390712098473e+00,1.205637123469737393e+00,1.203577631693766747e+00,1.411308786576128682e+00,1.401896238436320719e+00,1.397166618532657889e+00,1.513042151135740809e+00
4.750000000000000333e-01,1.277979438309952087e+00,1.265122653901249894e+00,1.260792529471836065e+00,1.258624895967014101e+00,1.474464829853218362e+00,1.464570142936368224e+00,1.459598090329276676e+00,1.579809941136280038e+00
4.875000000000000444e-01,1.334622003965920456e+00,1.321110692881421134e+00,1.316560063579515827e+00,1.314281954315464240e+00,1.538235018544802379e+00,1.527848650470077008e+00,1.522629357486636525e+00,1.647170033029467184e+00
5.000000000000000000e-01,1.391861885280746058e+00,1.377682517864537548e+00,1.372906822194204679e+00,1.370515946336113622e+00,1.602582724446907747e+00,1.591695345643778570e+00,1.586224111923187241e+00,1.715084528028558708e+00
5.125000000000000666e-01,1.449667294112811256e+00,1.434806597964883412e+00,1.429801361353708167e+00,1.427295471656098158e+00,1.667473228689620335e+00,1.656075722226483915e+00,1.650347954705732700e+00,1.783517684812564674e+00
5.250000000000000222e-01,1.508007871451316539e+00,1.492452832982639865e+00,1.487213668361970775e+00,1.484590561484500526e+00,1.732873659173577607e+00,1.720957120314544841e+00,1.714968333073643603e+00,1.852435833656198128e+00
5.374999999999999778e-01,1.566854655422075027e+00,1.550592520972880362e+00,1.545115129211692917e+00,1.542372645959250832e+00,1.798752924877893733e+00,1.786308660375715451e+00,1.780054474348851112e+00,1.921807288652384038e+00
5.500000000000000444e-01,1.626180045785006634e+00,1.609198322326595321e+00,1.603478492524128995e+00,1.600614518016854504e+00,1.865081647963464206e+00,1.852101175103908925e+00,1.845577317664137684e+00,1.991602259007398956e+00
5.625000000000000000e-01,1.685957765586352686e+00,1.668244221027022522e+00,1.662277830671401446e+00,1.659290294445051828e+00,1.931832094483745266e+00,1.918307139894196656e+00,1.911509444312934125e+00,2.061792760261623059e+00
5.750000000000000666e-01,1.746162820566418361e+00,1.727705483682142162e+00,1.721488498681633672e+00,1.718375374723952298e+00,1.998978104411581747e+00,1.984900602644774192e+00,1.977825007437970850e+00,2.132352526158157069e+00
5.875000000000000222e-01,1.806771456863796921e+00,1.787558616874614703e+00,1.781087091468642747e+00,1.777846398193212885e+00,2.066495021589616066e+00,2.051857113494446327e+00,2.044499661657584344e+00,2.203256921742277719e+00
6.000000000000000888e-01,1.867761117499571633e+00,1.847781323312012614e+00,1.841051399867034810e+00,1.837681200029959605e+00,2.134359624123703725e+00,2.119153655019401672e+00,2.111510493157054302e+00,2.274482858206766878e+00
6.125000000000000444e-01,1.929110398070265298e+00,1.908352457206094588e+00,1.901360365904990246e+00,1.897858766465321700e+00,2.202550055661451012e+00,2.186768573322499964e+00,2.178835950683807088e+00,2.346008709862224428e+00
6.250000000000000000e-01,1.990799002027150877e+00,1.969251979258136220e+00,1.961994037687626147e+00,1.958359189616569296e+00,2.271045757917059760e+00,2.254681510384024090e+00,2.246455777803890275e+00,2.417814233579592909e+00
6.375000000000000666e-01,2.052807695871710969e+00,2.030460911579943240e+00,2.022933524224344026e+00,2.019163622265424785e+00,2.339827404746331219e+00,2.322873337974354246e+00,2.314350946728330971e+00,2.489880490905918009e+00
6.500000000000000222e-01,2.115118264552827476e+00,2.091961292835016639e+00,2.084160950480058005e+00,2.080254232863897990e+00,2.408876838007478760e+00,2.391326093365084393e+00,2.382503593947133513e+00,2.562189773081995803e+00
6.625000000000000888e-01,2.177713467310722351e+00,2.153736133844809775e+00,2.145659412899425966e+00,2.141614161015782614e+00,2.478177005403124689e+00,2.460022917030852074e+00,2.450896957854614033e+00,2.634725529045741865e+00
6.750000000000000444e-01,2.240576994175514258e+00,2.215769373867059411e+00,2.207412935607688809e+00,2.203227473637922706e+00,2.547711900443276889e+00,2.528947992484981366e+00,2.519515318519392810e+00,2.707472296527798861e+00
6.875000000000000000e-01,2.303693423294832066e+00,2.278045837719985034e+00,2.269406427463477982e+00,2.265079121975571930e+00,2.617466504633490842e+00,2.598086488352566281e+00,2.588343939691889251e+00,2.780415636271835744e+00
7.000000000000000666e-01,2.367048179234558347e+00,2.340551193895839877e+00,2.331625640107058750e+00,2.327154899616766137e+00,2.687426731960901982e+00,2.667424502749410120e+00,2.657369013129514901e+00,2.853542069377154711e+00
7.125000000000000222e-01,2.430627492369756837e+00,2.403271913780203217e+00,2.394057127116952621e+00,2.389441401617584226e+00,2.757579375715968339e+00,2.736949010010700345e+00,2.726577605271595761e+00,2.926839017752416616e+00
7.250000000000000888e-01,2.494418359458448364e+00,2.466195232068986609e+00,2.456688204372627915e+00,2.451925984834663730e+00,2.827912057668569901e+00,2.806647809780649094e+00,2.795957606283164143e+00,3.000294747618801772e+00
7.375000000000000444e-01,2.558408505469966343e+00,2.529309108454217192e+00,2.519506911688067063e+00,2.514596729533005615e+00,2.898413179589010014e+00,2.876509478460233193e+00,2.865497681461481871e+00,3.073898316030068578e+00
7.500000000000000000e-01,2.622586346720339634e+00,2.592602190630497017e+00,2.582501975771605451e+00,2.577442402320720305e+00,2.969071877096048695e+00,2.946523322989865523e+00,2.935187224982117815e+00,3.147639520295025584e+00
7.625000000000000666e-01,2.686940955351009741e+00,2.656063778657654861e+00,2.645662774546419627e+00,2.640452420447632065e+00,3.039877975789258002e+00,3.016679336925906174e+00,3.005016315943404681e+00,3.221508850232171817e+00
7.750000000000000222e-01,2.751462025172723536e+00,2.719683790701070247e+00,2.708979302852370097e+00,2.703616817487381141e+00,3.110821949621402460e+00,3.086968158764439085e+00,3.074975676663803004e+00,3.295497443163580620e+00
7.875000000000000888e-01,2.816139838884216928e+00,2.783452730158381794e+00,2.772442139538862094e+00,2.766926210411115861e+00,3.181894881447751011e+00,3.157381032453920877e+00,3.145056633171738891e+00,3.369597041518468394e+00
8.000000000000000444e-01,2.880965236664676965e+00,2.847361654171308043e+00,2.836042415945893680e+00,2.830371768053154824e+00,3.253088425689268703e+00,3.227909770025841230e+00,3.215251077816931424e+00,3.443799952975576950e+00
8.125000000000000000e-01,2.945929586129937050e+00,2.911402143511669482e+00,2.899771785763688214e+00,2.893945180956336571e+00,3.324394773036273065e+00,3.298546716277786839e+00,3.285551433938360244e+00,3.518099012981253715e+00
8.250000000000000666e-01,3.011024753635007656e+00,2.975566273823954777e+00,2.963622396251571978e+00,2.957638632578041715e+00,3.395806617118745763e+00,3.369284715426176025e+00,3.355950622507787084e+00,3.592487549591942830e+00
8.375000000000000222e-01,3.076243076899076279e+00,3.039846588199799360e+00,3.027586860792519374e+00,3.021444771834569387e+00,3.467317123063117457e+00,3.440117079654520627e+00,3.426442030670930894e+00,3.666959350476113322e+00
8.500000000000000888e-01,3.141577338924062879e+00,3.104236071055126001e+00,3.091658232753831115e+00,3.085356686951279848e+00,3.538919897855651975e+00,3.511037559475777226e+00,3.497019482104743116e+00,3.741508631987710665e+00
8.625000000000000444e-01,3.207020743173669253e+00,3.168728123276274733e+00,3.155829980618497288e+00,3.149367880588152424e+00,3.610608962434541880e+00,3.582040315828095789e+00,3.567677209113070180e+00,3.816130010220814661e+00
8.750000000000000000e-01,3.272566889976582516e+00,3.233316538598297374e+00,3.220095964353165030e+00,3.213472246200019811e+00,3.682378725426993071e+00,3.653119893819550601e+00,3.638409826376933776e+00,3.890818473885285123e+00
8.875000000000000666e-01,3.338209754114955352e+00,3.297995481176455801e+00,3.284450412971230193e+00,3.277664045595129139e+00,3.754223958451188281e+00,3.724271198050161491e+00,3.709212306277144489e+00,3.965569358959345259e+00
9.000000000000000222e-01,3.403943663557507548e+00,3.362759464309072133e+00,3.348887903249165632e+00,3.341937887648748884e+00,3.826139772909849412e+00,3.795489469420580075e+00,3.780079955716109108e+00,4.040378324988355807e+00
9.125000000000000888e-01,3.469763279295238867e+00,3.427603330270014848e+00,3.413403339556481342e+00,3.406288708129607379e+00,3.898121598191811366e+00,3.866770263362334870e+00,3.851008394357499309e+00,4.115241332923626594e+00
9.250000000000000444e-01,3.535663576237067396e+00,3.492522231207412009e+00,3.477991934752964198e+00,3.470711750596509049e+00,3.970165161211813398e+00,3.938109429406321471e+00,3.921993534206340559e+00,4.190154624444427434e+00
9.375000000000000000e-01,3.601639825122268768e+00,3.557511611064984702e+00,3.542649192109974088e+00,3.535202548320579119e+00,4.042266467214623127e+00,4.009503092019057746e+00,3.993031560463907947e+00,4.265114702642656574e+00
9.500000000000000666e-01,3.667687575406622713e+00,3.622567188482842315e+00,3.607370888215592153e+00,3.599756907190189814e+00,4.114421781772208853e+00,4.080947632640087974e+00,4.064118913580458070e+00,4.340118314002766375e+00
9.625000000000000222e-01,3.733802639079526031e+00,3.687684940634233133e+00,3.672153056815746552e+00,3.664370889553927313e+00,4.186627613910093082e+00,4.152439672847167529e+00,4.135252272441174881e+00,4.415162431574699120e+00
9.750000000000000888e-01,3.799981075369840866e+00,3.752861087955848607e+00,3.736991973550783719e+00,3.729040798961880121e+00,4.258880700294814581e+00,4.223976058587837201e+00,4.206428538619428892e+00,4.490244239310688279e+00
9.875000000000000444e-01,3.866219176298963944e+00,3.818092079730134092e+00,3.801884141546445939e+00,3.793763165758380573e+00,4.331177990423156210e+00,4.295553845417003913e+00,4.277644821635117722e+00,4.565361117443736738e+00
1.000000000000000000e+00,3.932513453040662021e+00,3.883374580478096139e+00,3.866826277816191926e+00,3.858534733490573743e+00,4.403516632753754045e+00,4.367170284675260916e+00,4.348898425160754755e+00,4.640510628855863295e+00
