link_midpoint,probability_left,real_coherence,imaginary_coherence
1.000000000000000021e-02,6.940126533919804139e-46,-4.725468063928730394e-46,-3.572260163472822948e-45
2.999999999999999889e-02,1.870908706967535357e-44,-9.679894360858081404e-45,-6.708624290526970651e-44
5.000000000000000278e-02,2.455632562333220512e-43,-1.246645345014879303e-43,-7.268985847357296815e-43
7.000000000000000666e-02,2.215000757835166713e-42,-1.139072048490283351e-42,-5.937034636714605186e-42
8.999999999999999667e-02,1.649925639073772937e-41,-7.770561970301749325e-42,-4.220486264327183212e-41
1.100000000000000006e-01,1.116190948523951663e-40,-4.165243336151484523e-41,-2.752180074008597808e-40
1.300000000000000044e-01,6.941453602100460381e-40,-1.868348388031689115e-40,-1.626330011657626399e-39
1.499999999999999944e-01,3.860656164290986349e-39,-7.537144691930260291e-40,-8.472519804859136816e-39
1.700000000000000122e-01,1.874077210346150452e-38,-2.884343238257369628e-39,-3.828113769310232732e-38
1.900000000000000022e-01,7.863949952852417276e-38,-1.047749795304474639e-38,-1.495158633795458875e-37
2.099999999999999922e-01,2.856677814606214246e-37,-3.465031952779770072e-38,-5.073252803889820574e-37
2.300000000000000100e-01,9.051758775281498651e-37,-9.968219832742557873e-38,-1.509082923612706312e-36
2.500000000000000000e-01,2.526876674231444657e-36,-2.417167107767340173e-37,-3.974812875150185696e-36
2.700000000000000178e-01,6.275559279342954483e-36,-4.836871571665061862e-37,-9.352237714972479919e-36
2.899999999999999800e-01,1.397457973698615448e-35,-7.833850453542196054e-37,-1.978183319901305338e-35
3.099999999999999978e-01,2.804625428595441195e-35,-9.968469418167695154e-37,-3.775359208540287027e-35
3.300000000000000155e-01,5.085625355292842193e-35,-9.007830659144479046e-37,-6.507877160537480863e-35
3.500000000000000333e-01,8.329473030072331313e-35,-1.990265580168444372e-37,-1.010717091647214241e-34
3.699999999999999956e-01,1.226431728413930550e-34,1.641738242182774793e-36,-1.404377384911984613e-34
3.900000000000000133e-01,1.608361333124333496e-34,6.482283977777946869e-36,-1.734227156834779976e-34
4.100000000000000311e-01,1.872555482423599649e-34,2.124281644507385761e-35,-1.916402965865448157e-34
4.299999999999999933e-01,1.985375647090594247e-34,5.799296593826634572e-35,-1.977366111792202808e-34
4.500000000000000111e-01,2.138786761144423521e-34,1.163136070193090899e-34,-2.379460165722365481e-34
4.700000000000000289e-01,3.279764175410500388e-34,1.551419373473201027e-34,-5.022709567072877659e-34
4.899999999999999911e-01,8.425762338261597961e-34,1.300755259031746325e-34,-1.581860170973858344e-33
5.100000000000000089e-01,2.989879303279984430e-33,7.680968678704217763e-34,-5.522884965862461260e-33
5.300000000000000266e-01,1.039915929397981361e-32,3.040425522341189018e-33,-1.417662814546852565e-32
5.500000000000000444e-01,2.021518922721889424e-32,-3.749471576009835091e-33,-1.846629902513979583e-32
5.700000000000000622e-01,1.756415598163719712e-32,-1.922650632968518047e-32,-3.494998694588651448e-32
5.899999999999999689e-01,9.059132330791030291e-32,1.019820213320253459e-31,-1.600811143900261510e-31
6.099999999999999867e-01,3.976793200919335272e-31,4.620773618233649563e-31,-1.476540369871504484e-31
6.300000000000000044e-01,5.917260241086819473e-31,9.547621371554582519e-31,5.078976286681443276e-31
6.500000000000000222e-01,1.976473388193546003e-30,5.210903829833992089e-30,2.668597614869007541e-31
6.700000000000000400e-01,1.377439889588507879e-29,2.939072060078743107e-29,-5.134302506890950651e-31
6.900000000000000577e-01,6.273072782246821868e-29,1.306384432080086994e-28,5.826237447462756244e-30
7.099999999999999645e-01,2.725992265704513316e-28,5.668887299623335987e-28,2.192036461422910607e-29
7.299999999999999822e-01,1.180646543250372221e-27,2.406169229009240166e-27,1.003694435463150818e-28
7.500000000000000000e-01,4.912329110676782887e-27,9.921040064333186618e-27,4.406422804602854962e-28
7.700000000000000178e-01,2.007626104755147686e-26,4.001440231442096979e-26,1.652645422933877516e-27
7.900000000000000355e-01,7.988955840310188578e-26,1.568875087660903641e-25,6.589164309021026865e-27
8.100000000000000533e-01,3.086399272444093651e-25,5.985599232785417838e-25,2.546845772837877913e-26
8.300000000000000711e-01,1.162917018866610326e-24,2.226367353500288846e-24,9.444959539477727739e-26
8.499999999999999778e-01,4.269979919669307823e-24,8.071499199504400499e-24,3.469337056017963586e-25
8.699999999999999956e-01,1.528566024936661436e-23,2.855196358881146525e-23,1.238947055784177234e-24
8.900000000000000133e-01,5.343240666478213422e-23,9.863363663096564409e-23,4.285847170761095924e-24
9.100000000000000311e-01,1.824166899718708251e-22,3.327798720428645191e-22,1.452772778344963282e-23
9.300000000000000488e-01,6.082420316283813484e-22,1.096959937298250503e-21,4.828195068076647418e-23
9.500000000000000666e-01,1.982191608118823019e-21,3.535283479982617942e-21,1.565530199995007391e-22
9.699999999999999734e-01,6.317622413805664609e-21,1.114450950228140929e-20,4.959527889364670534e-22
9.899999999999999911e-01,1.969824295661404004e-20,3.437526254526723746e-20,1.539297901779975409e-21
1.010000000000000009e+00,6.010831096429936433e-20,1.037934866146986777e-19,4.676454268728145329e-21
1.030000000000000027e+00,1.795917555323536053e-19,3.069158279045564994e-19,1.390540782494247473e-20
1.050000000000000044e+00,5.255847380372244812e-19,8.890961013230470500e-19,4.051777330549868580e-20
1.070000000000000062e+00,1.507147201990052903e-18,2.524163169956939661e-18,1.157115906586472938e-19
1.090000000000000080e+00,4.236340599212391181e-18,7.025610305811216293e-18,3.239205092802443562e-19
1.110000000000000098e+00,1.167614442395150500e-17,1.917766235967801984e-17,8.893029521551568443e-19
1.130000000000000115e+00,3.156637841567467110e-17,5.135643112016187610e-17,2.395236760717233861e-18
1.150000000000000133e+00,8.373530031646895793e-17,1.349647901082144386e-16,6.330801696530338162e-18
1.169999999999999929e+00,2.180152641726978094e-16,3.481818660839772005e-16,1.642560386880024825e-17
1.189999999999999947e+00,5.573023191437204583e-16,8.820250567261760253e-16,4.184699689841153953e-17
1.209999999999999964e+00,1.399095867823135719e-15,2.194672496889043171e-15,1.047157198213784694e-16
1.229999999999999982e+00,3.450480314898024695e-15,5.365291823842079717e-15,2.574456219876732218e-16
1.250000000000000000e+00,8.361918333135018737e-15,1.289047042450669266e-14,6.220172222753210795e-16
1.270000000000000018e+00,1.991781389802764362e-14,3.044453216204832992e-14,1.477324210505740051e-15
1.290000000000000036e+00,4.664427683406263888e-14,7.070087915501340564e-14,3.449967168428344970e-15
1.310000000000000053e+00,1.074197506497955246e-13,1.614811281969127414e-13,7.923673946755051145e-15
1.330000000000000071e+00,2.433345750147857521e-13,3.628302348188490051e-13,1.790252865586612636e-14
1.350000000000000089e+00,5.423244100143043647e-13,8.021769223042241018e-13,3.979956090075074160e-14
1.370000000000000107e+00,1.189457468286104163e-12,1.745497411967246516e-12,8.707944627257361145e-14
1.390000000000000124e+00,2.567846372471405537e-12,3.738911352963975382e-12,1.875517616645352384e-13
1.409999999999999920e+00,5.457738406343248676e-12,7.885694359543734231e-12,3.977283981908650205e-13
1.429999999999999938e+00,1.142274670739257946e-11,1.637920686875345296e-11,8.306181075289075258e-13
1.449999999999999956e+00,2.354673100786732647e-11,3.351126687535568550e-11,1.708647330356458812e-12
1.469999999999999973e+00,4.781659428286064118e-11,6.754892195878489886e-11,3.462774870918694678e-12
1.489999999999999991e+00,9.567489563430670812e-11,1.341707625481662080e-10,6.915111186404060293e-12
1.510000000000000009e+00,1.886556778119397355e-10,2.626572364939827313e-10,1.360997420576511769e-11
1.530000000000000027e+00,3.666682926420762111e-10,5.068633817647725770e-10,2.640442470604679264e-11
1.550000000000000044e+00,7.025632883657681902e-10,9.643586348350064051e-10,5.050489170061134772e-11
1.570000000000000062e+00,1.327337104157127478e-09,1.809282835320939145e-09,9.525803914550165269e-11
1.590000000000000080e+00,2.473055610310308354e-09,3.347856669343886863e-09,1.771958584402594036e-10
1.610000000000000098e+00,4.544799803069707164e-09,6.110689847964835088e-09,3.251320105236739867e-10
1.630000000000000115e+00,8.239359898096115545e-09,1.100386840458798692e-08,5.885575070625378753e-10
1.650000000000000133e+00,1.473797980746888626e-08,1.955237016779785300e-08,1.051255332738395301e-09
1.669999999999999929e+00,2.601444173229925628e-08,3.428607947497415081e-08,1.853033118467290989e-09
1.689999999999999947e+00,4.531978774076804481e-08,5.934233294447708282e-08,3.223872063797237152e-09
1.709999999999999964e+00,7.793297379457333323e-08,1.013916678148950965e-07,5.536745553624454976e-09
1.729999999999999982e+00,1.323050481916755170e-07,1.710376954473301479e-07,9.388031688678156878e-09
1.750000000000000000e+00,2.217755770015088446e-07,2.849003566036201208e-07,1.571800498016311088e-08
1.770000000000000018e+00,3.671065586851000647e-07,4.686666663586017246e-07,2.598851897524109544e-08
1.790000000000000036e+00,6.001632007430374280e-07,7.614862893798585523e-07,4.244083476768334017e-08
1.810000000000000053e+00,9.691740390766225237e-07,1.222201580509159485e-06,6.846370120377044891e-08
1.830000000000000071e+00,1.546124763318323501e-06,1.938031770076336474e-06,1.091102320662048331e-07
1.850000000000000089e+00,2.436978097731309804e-06,3.036474486974261159e-06,1.718116628689420318e-07
1.870000000000000107e+00,3.795559987245819484e-06,4.701336450393390976e-06,2.673462702022806699e-07
1.890000000000000124e+00,5.842099327240191580e-06,7.193945418247003346e-06,4.111318431588830171e-07
1.910000000000000142e+00,8.887538051788681798e-06,1.088070775921367904e-05,6.249189618175923086e-07
1.929999999999999938e+00,1.336481760844293201e-05,1.626823409211798147e-05,9.389683697900460093e-07
1.949999999999999956e+00,1.986836707054413692e-05,2.404722659890499292e-05,1.394796872830622377e-06
1.969999999999999973e+00,2.920293164281927628e-05,3.514616777457951291e-05,2.048569991025924979e-06
1.989999999999999991e+00,4.244264799872557166e-05,5.079553043666429574e-05,2.975203264715020633e-06
2.010000000000000231e+00,6.100085336066216892e-05,7.260270251039357416e-05,4.273204827133002651e-06
2.030000000000000249e+00,8.671047042627677841e-05,1.026370533650047167e-04,6.070246993507764516e-06
2.049999999999999822e+00,1.219139115500579123e-04,1.435235401793752441e-04,8.529392234131769968e-06
2.069999999999999840e+00,1.695602811416364159e-04,1.985419624956807536e-04,1.185581821193846184e-05
2.089999999999999858e+00,2.333062379394510659e-04,2.717274489140268103e-04,1.630378850324626041e-05
2.109999999999999876e+00,3.176152539569683975e-04,3.679660656564856806e-04,2.218350335927528601e-05
2.129999999999999893e+00,4.278482585550350079e-04,4.930776771316500899e-04,2.986734423214088344e-05
2.149999999999999911e+00,5.703369104764898379e-04,6.538765105979777023e-04,3.979490556072571558e-05
2.169999999999999929e+00,7.524291655292825436e-04,8.581984664877952357e-04,5.247609902981908460e-05
2.189999999999999947e+00,9.824956058572943511e-04,1.114883288505703592e-03,6.849153326038228177e-05
2.209999999999999964e+00,1.269884394067071496e-03,1.433699492834554935e-03,8.848933113886758709e-05
2.229999999999999982e+00,1.624812941334946841e-03,1.825200675196618797e-03,1.131775636022809382e-04
2.250000000000000000e+00,2.058185641292082074e-03,2.300503654631027087e-03,1.433115669342845903e-04
2.270000000000000018e+00,2.581329479517980707e-03,2.870981995339627873e-03,1.796755813669203064e-04
2.290000000000000036e+00,3.205643060198976220e-03,3.547872800203489933e-03,2.230584073470889123e-04
2.310000000000000053e+00,3.942159567424694672e-03,4.341800199550218189e-03,2.742231200557156742e-04
2.330000000000000071e+00,4.801030239562709481e-03,5.262225438196841375e-03,3.338713016304441076e-04
2.350000000000000089e+00,5.790941781485356432e-03,6.316840523873414048e-03,4.026027232627516698e-04
2.370000000000000107e+00,6.918488333783855138e-03,7.510929542455738704e-03,4.808719057485291411e-04
2.390000000000000124e+00,8.187525605104573403e-03,8.846728370045279025e-03,5.689434687510804087e-04
2.410000000000000142e+00,9.598540916318112556e-03,1.032281896185982713e-02,6.668486022155718394e-04
2.430000000000000160e+00,1.114807753704462334e-02,1.193359801772398907e-02,7.743453119270274614e-04
2.450000000000000178e+00,1.282825418423144681e-02,1.366886102726020541e-02,8.908852618560719880e-04
2.470000000000000195e+00,1.462642037160307405e-02,1.551354103713087178e-02,1.015590022167582249e-03
2.490000000000000213e+00,1.652498509294378012e-02,1.744763671305581479e-02,1.147239309358291789e-03
2.510000000000000231e+00,1.850144996707199854e-02,1.944635639872431890e-02,1.284273365342645948e-03
2.530000000000000249e+00,2.052866861457360026e-02,2.148049419102328675e-02,1.424810975665142957e-03
2.550000000000000266e+00,2.257534210854556314e-02,2.351704112707689309e-02,1.566683803136483238e-03
2.569999999999999840e+00,2.460674654854322352e-02,2.552002023744247630e-02,1.707486760943401852e-03
2.589999999999999858e+00,2.658567408201307700e-02,2.745151948046354456e-02,1.844643132686562019e-03
2.609999999999999876e+00,2.847355413062063051e-02,2.927288256592650018e-02,1.975482141363911655e-03
2.629999999999999893e+00,3.023170832346697492e-02,3.094600554387999525e-02,2.097325754294406593e-03
2.649999999999999911e+00,3.182268180639648281e-02,3.243467782250419873e-02,2.207580763173799115e-03
2.669999999999999929e+00,3.321158614806446474e-02,3.370590083387459829e-02,2.303831664084410400e-03
2.689999999999999947e+00,3.436738571505852657e-02,3.473111644845138651e-02,2.383929630825113843e-03
2.709999999999999964e+00,3.526406053369349203e-02,3.548728066131422165e-02,2.446072953482492270e-03
2.729999999999999982e+00,3.588158432349755622e-02,3.595772587394649444e-02,2.488874704968912967e-03
2.750000000000000000e+00,3.620666622772692606e-02,3.613276674783750392e-02,2.511414076973954128e-03
2.770000000000000018e+00,3.623321808388475090e-02,3.601001926367810441e-02,2.513268745866265377e-03
2.790000000000000036e+00,3.596252488925243129e-02,3.559441919287317097e-02,2.494526720579341803e-03
2.810000000000000053e+00,3.540311324520375308e-02,3.489794344347443150e-02,2.455777307347412845e-03
2.830000000000000071e+00,3.457032974163735950e-02,3.393905441634669645e-02,2.398082012720147149e-03
2.850000000000000089e+00,3.348565722881202689e-02,3.274190241569150533e-02,2.322927311209317669e-03
2.870000000000000107e+00,3.217581060839316831e-02,3.133533329849162719e-02,2.232162150214098747e-03
2.890000000000000124e+00,3.067166427611224891e-02,2.975175717851366933e-02,2.127923791829694142e-03
2.910000000000000142e+00,2.900707007170744839e-02,2.802593869189757766e-02,2.012556057422887606e-03
2.930000000000000160e+00,2.721762727137088875e-02,2.619376998414248148e-02,1.888524228025717381e-03
2.950000000000000178e+00,2.533946485730039638e-02,2.429108441135610294e-02,1.758330765788589664e-03
2.970000000000000195e+00,2.340809138242939957e-02,2.235256245799753863e-02,1.624435683937688196e-03
2.990000000000000213e+00,2.145735983015469375e-02,2.041077226902678760e-02,1.489184847104357530e-03
3.010000000000000231e+00,1.951858473931826141e-02,1.849537632279471197e-02,1.354748785159367664e-03
3.030000000000000249e+00,1.761983741064507281e-02,1.663252403269215723e-02,1.223073812721518208e-03
3.050000000000000266e+00,1.578543313239713294e-02,1.484443833586152409e-02,1.095846425670189564e-03
3.070000000000000284e+00,1.403561289941013430e-02,1.314919338756215424e-02,9.744711532670534285e-04
3.089999999999999858e+00,1.238641176683949290e-02,1.156067096485186192e-02,8.600613293236351658e-04
3.109999999999999876e+00,1.084969732780467419e-02,1.008867554763224518e-02,7.534416464063258033e-04
3.129999999999999893e+00,9.433355192097469047e-03,8.739182549435233274e-03,6.551608984484843471e-04
3.149999999999999911e+00,8.141593936752039573e-03,7.514690886124251318e-03,5.655130107238720040e-04
3.169999999999999929e+00,6.975339782415200009e-03,6.414649900911294916e-03,4.845643011024378414e-04
3.189999999999999947e+00,5.932691052196392527e-03,5.435931375213557022e-03,4.121849012871079440e-04
3.209999999999999964e+00,5.009404003580737556e-03,4.573319615368553158e-03,3.480823713342617257e-04
3.229999999999999982e+00,4.199384522891657506e-03,3.819996026879555855e-03,2.918357401009657017e-04
3.250000000000000000e+00,3.495164032863809153e-03,3.167998764719218499e-03,2.429284704978206921e-04
3.270000000000000018e+00,2.888342383967954993e-03,2.608642590522273000e-03,2.007791536243390493e-04
3.290000000000000036e+00,2.369985106894725944e-03,2.132888628695459293e-03,1.647690543593159792e-04
3.310000000000000053e+00,1.930966878390658927e-03,1.731658008376675507e-03,1.342659406393791348e-04
3.330000000000000071e+00,1.562257144102366596e-03,1.396087193038531406e-03,1.086439120275453467e-04
3.350000000000000089e+00,1.255147372882405368e-03,1.117725994304636858e-03,8.729918798191558887e-05
3.370000000000000107e+00,1.001422282134157475e-03,8.886817706560703155e-04,6.966201506725501827e-05
3.390000000000000124e+00,7.934795340745050361e-04,7.017151152394837535e-04,5.520500251584634760e-05
3.410000000000000142e+00,6.244038743056168827e-04,5.502934787071042146e-04,4.344829802455302866e-05
3.430000000000000160e+00,4.880025250446390806e-04,4.286097272131920511e-04,3.396207448567757230e-05
3.450000000000000178e+00,3.788089431468164058e-04,3.315726989805251827e-04,2.636681951467241284e-05
3.470000000000000195e+00,2.920619111087610089e-04,2.547765022229253173e-04,2.033191024996325975e-05
3.490000000000000213e+00,2.236664562365155769e-04,1.944547000196344543e-04,1.557292351833540258e-05
3.510000000000000231e+00,1.701423939331905095e-04,1.474247539610587911e-04,1.184808329884935920e-05
3.530000000000000249e+00,1.285654600988192324e-04,1.110272353299528777e-04,8.954190052272457129e-06
3.550000000000000266e+00,9.650511494275669999e-05,8.306343184178790215e-05,6.722315446645942577e-06
3.570000000000000284e+00,7.196222955041208500e-05,6.173413434926631972e-05,5.013485713372822924e-06
3.589999999999999858e+00,5.330905402484839090e-05,4.558161989608731143e-05,3.714520570891954540e-06
3.609999999999999876e+00,3.923314291880103621e-05,3.343617880344914813e-05,2.734144501311801476e-06
3.629999999999999893e+00,2.868629723240815322e-05,2.436797533021932093e-05,1.999444379737079619e-06
3.649999999999999911e+00,2.083907848680043446e-05,1.764458520307520659e-05,1.452712460874097946e-06
3.669999999999999929e+00,1.504105667057661982e-05,1.269421302516591477e-05,1.048686349657131065e-06
3.689999999999999947e+00,1.078666153194071384e-05,9.074347447861061871e-06,7.521772339640284971e-07
3.709999999999999964e+00,7.686303306198152691e-06,6.445448479561817833e-06,5.360634772007745592e-07
3.729999999999999982e+00,5.442300217393469477e-06,4.549164800563070023e-06,3.796176714836593360e-07
3.750000000000000000e+00,3.829081294079241218e-06,3.190535067384221801e-06,2.671304208820307856e-07
3.770000000000000018e+00,2.677110223232809636e-06,2.223622645460140975e-06,1.867924928296442152e-07
3.790000000000000036e+00,1.859986586121092278e-06,1.540056374269034198e-06,1.297976730988138978e-07
3.810000000000000053e+00,1.284214138796505273e-06,1.059991119723352677e-06,8.963094077756830243e-08
3.830000000000000071e+00,8.811730421357349837e-07,7.250532297341497244e-07,6.150983564565626047e-08
3.850000000000000089e+00,6.008872497344465480e-07,4.928916462618199523e-07,4.195064222558405909e-08
3.870000000000000107e+00,4.072345210286431234e-07,3.330110463762168019e-07,2.843490865408602838e-08
3.890000000000000124e+00,2.743011588423079656e-07,2.236160766932712877e-07,1.915560394848063292e-08
3.910000000000000142e+00,1.836342475945561271e-07,1.492437206649610973e-07,1.282573121305303796e-08
3.930000000000000160e+00,1.221895579555041374e-07,9.900317107672093706e-08,8.535364109223350289e-09
3.950000000000000178e+00,8.081280011929761536e-08,6.527897815218280778e-08,5.645817566364121808e-09
3.970000000000000195e+00,5.312549791924150398e-08,4.278385205234887313e-08,3.711996988281096803e-09
3.990000000000000213e+00,3.471472250258800599e-08,2.787274131622917718e-08,2.425913840624123587e-09
4.009999999999999787e+00,2.254878362876742541e-08,1.805026579603524543e-08,1.575944761214580671e-09
4.030000000000000249e+00,1.455935285037212773e-08,1.161989951643524850e-08,1.017689361295317350e-09
4.049999999999999822e+00,9.345041486831483465e-09,7.436123952417209705e-09,6.532941245528533512e-10
4.070000000000000284e+00,5.962812763047614514e-09,4.730715772669772941e-09,4.169001786310334603e-10
4.089999999999999858e+00,3.782355471648583409e-09,2.991944127556813600e-09,2.644817125339543462e-10
4.110000000000000320e+00,2.385201577776187376e-09,1.881207845623530582e-09,1.668052712653796068e-10
4.129999999999999893e+00,1.495373384870419738e-09,1.175944827809475381e-09,1.045886740934934276e-10
4.150000000000000355e+00,9.320648895468132327e-10,7.308261057138613844e-10,6.519742063535312648e-11
4.169999999999999929e+00,5.775965884866132638e-10,4.515731104819302848e-10,4.040704051358050280e-11
4.190000000000000391e+00,3.558729520407402794e-10,2.774207110664610285e-10,2.489857179545744924e-11
4.209999999999999964e+00,2.180053003780764760e-10,1.694557243200502563e-10,1.525430381641406671e-11
4.230000000000000426e+00,1.327854700759718832e-10,1.029176438326855333e-10,9.292244151024339564e-12
4.250000000000000000e+00,8.041834100767371313e-11,6.215115804861882929e-11,5.628189231223832167e-12
4.270000000000000462e+00,4.842729795228235315e-11,3.732019375087321564e-11,3.389581849639867493e-12
4.290000000000000036e+00,2.899782118964868364e-11,2.228348994774656571e-11,2.029842435884495620e-12
4.310000000000000497e+00,1.726592426690888038e-11,1.323050647958872782e-11,1.208722512384254046e-12
4.330000000000000071e+00,1.022287073022034013e-11,7.811471716503152908e-12,7.157283032475729304e-13
4.350000000000000533e+00,6.018990067036888981e-12,4.586289818281423524e-12,4.214404293392138615e-13
4.370000000000000107e+00,3.524123830826630265e-12,2.677758298749240633e-12,2.467741466243077676e-13
4.389999999999999680e+00,2.051938959326066031e-12,1.554788874516652315e-12,1.436969456322905666e-13
4.410000000000000142e+00,1.188152915282404356e-12,8.977811495222855206e-13,8.321252501781836037e-14
4.429999999999999716e+00,6.842009191756064153e-13,5.155577218895713580e-13,4.792166584953419411e-14
4.450000000000000178e+00,3.918384836150004058e-13,2.944425217882093437e-13,2.744642827167247355e-14
4.469999999999999751e+00,2.231779386625934754e-13,1.672433129576946445e-13,1.563360406658623433e-14
4.490000000000000213e+00,1.264226001649382358e-13,9.447795752347125959e-14,8.856461789926243893e-15
4.509999999999999787e+00,7.122556695951076068e-14,5.308283980782691953e-14,4.989967845622563209e-15
4.530000000000000249e+00,3.991105697733134616e-14,2.966388649117196563e-14,2.796275385804393373e-15
4.549999999999999822e+00,2.224359325533830065e-14,1.648771414703393101e-14,1.558529300744920399e-15
4.570000000000000284e+00,1.233045975203487187e-14,9.115059990642995249e-15,8.639947643244023566e-16
4.589999999999999858e+00,6.798676389334650381e-15,5.012257923434641512e-15,4.764054454838548535e-16
4.610000000000000320e+00,3.728621600417260816e-15,2.741511672154082073e-15,2.612880861808446085e-16
4.629999999999999893e+00,2.034037916770206825e-15,1.491549072976571697e-15,1.425435596738835902e-16
4.650000000000000355e+00,1.103734244574263321e-15,8.072046571390111670e-16,7.735159214544973141e-17
4.669999999999999929e+00,5.957617339017890900e-16,4.345464297211546134e-16,4.175342185565393888e-17
4.690000000000000391e+00,3.198828272704646661e-16,2.327034331973757573e-16,2.241931639679032431e-17
4.709999999999999964e+00,1.708547909117194889e-16,1.239627720299574421e-16,1.197482615538601397e-17
4.730000000000000426e+00,9.077980914692060582e-17,6.569152983365756914e-17,6.362716511363168176e-18
4.750000000000000000e+00,4.798270996847600677e-17,3.463094624597040964e-17,3.363158873397047537e-18
4.770000000000000462e+00,2.523019805038852211e-17,1.816199084931894422e-17,1.768430798888090144e-18
4.790000000000000036e+00,1.319788526575094954e-17,9.475765932851726518e-18,9.250709714730171320e-19
4.810000000000000497e+00,6.868213694180627597e-18,4.918408792763178929e-18,4.814149115378359410e-19
4.830000000000000071e+00,3.555874417604985889e-18,2.539810657126921746e-18,2.492448721669108207e-19
4.850000000000000533e+00,1.831549828675775330e-18,1.304821951461067092e-18,1.283799434096908745e-19
4.870000000000000107e+00,9.385721905952313062e-19,6.669322672479772722e-19,6.578733949876879097e-20
4.889999999999999680e+00,4.785211277675113390e-19,3.391565807452650833e-19,3.354086310932559328e-20
4.910000000000000142e+00,2.427315514841182565e-19,1.715985711109841301e-19,1.701359018906108354e-20
4.929999999999999716e+00,1.225037770188618221e-19,8.638309329943652512e-20,8.586476739868198544e-21
4.950000000000000178e+00,6.151456366625477412e-20,4.326649561924143557e-20,4.311602161129998640e-21
4.969999999999999751e+00,3.073385298842361423e-20,2.156197868741191287e-20,2.154032090486003886e-21
4.990000000000000213e+00,1.527822689007185498e-20,1.069176539347293662e-20,1.070734454373770003e-21
5.009999999999999787e+00,7.557180576751178801e-21,5.275263274201281115e-21,5.296655982633688923e-22
5.030000000000000249e+00,3.719501998482681552e-21,2.589828406126161657e-21,2.607062968001895920e-22
5.049999999999999822e+00,1.821528513530328073e-21,1.265110258798872293e-21,1.276422683184380984e-22
5.070000000000000284e+00,8.876042859444959682e-22,6.149488928036284535e-22,6.218483691753853574e-23
5.089999999999999858e+00,4.304047431410877788e-22,2.974574355094182882e-22,3.016289090788432920e-23
5.110000000000000320e+00,2.076899182741072800e-22,1.431746401036899307e-22,1.455822999120319400e-23
5.129999999999999893e+00,9.972038990339345809e-23,6.857169069537062210e-23,6.986084540360138844e-24
5.150000000000000355e+00,4.764203335575771507e-23,3.268177094665679526e-23,3.336144748477581943e-24
5.169999999999999929e+00,2.265285375067028209e-23,1.550210135041451899e-23,1.587282637901335935e-24
5.190000000000000391e+00,1.071982431546495262e-23,7.317350250448031456e-24,7.515463619860627510e-25
5.209999999999999964e+00,5.047511510415972467e-24,3.436722747438128585e-24,3.535288174823550757e-25
5.230000000000000426e+00,2.364738711921329885e-24,1.606331705764239954e-24,1.654307383825485051e-25
5.250000000000000000e+00,1.102730236114136820e-24,7.473683983028942113e-25,7.722325958269668399e-26
5.270000000000000462e+00,5.119320538373083802e-25,3.460745964522640251e-25,3.592665884230266714e-26
5.290000000000000036e+00,2.364734738091646398e-25,1.594221357686952817e-25,1.657192610399328058e-26
5.310000000000000497e+00,1.086381727896488231e-25,7.307474188908015068e-26,7.579852394892176953e-27
5.330000000000000071e+00,4.968209539877592509e-26,3.335830475899782941e-26,3.471819633500654293e-27
5.350000000000000533e+00,2.264055126767965180e-26,1.516235598861963837e-26,1.594181733575552702e-27
5.370000000000000107e+00,1.026646620822840072e-26,6.851927349792196159e-27,7.214360863949068164e-28
5.389999999999999680e+00,4.623731035664168002e-27,3.079145724341416962e-27,3.209016210524009940e-28
5.410000000000000142e+00,2.072810067929782505e-27,1.379254604039263621e-27,1.440354044177169824e-28
5.429999999999999716e+00,9.277692588641107239e-28,6.158726503391525688e-28,6.559915985830956167e-29
5.450000000000000178e+00,4.134674301232415083e-28,2.732422520154518801e-28,2.929989668090664702e-29
5.469999999999999751e+00,1.826499664301913164e-28,1.203348880829130454e-28,1.265905893607017461e-29
5.490000000000000213e+00,8.015734877602500939e-29,5.281883278126294500e-29,5.478980661410090032e-30
5.509999999999999787e+00,3.517891208381054254e-29,2.318445969822843727e-29,2.464799315039968948e-30
5.530000000000000249e+00,1.545228021455399775e-29,1.013407567142103541e-29,1.123082533308313305e-30
5.549999999999999822e+00,6.727861690780926876e-30,4.375636209296228718e-30,4.790590952966706553e-31
5.570000000000000284e+00,2.879917980395006619e-30,1.871550618747414200e-30,1.888982710859127932e-31
5.589999999999999858e+00,1.228640641657355540e-30,8.059873034264020720e-31,8.087670814011903653e-32
5.610000000000000320e+00,5.340508468928986032e-31,3.500318308122592994e-31,4.042135035439848858e-32
5.629999999999999893e+00,2.324800510449412139e-31,1.492446387646892697e-31,1.825983740294399309e-32
5.650000000000000355e+00,9.724440338157986144e-32,6.170586976324930906e-32,6.296533676082690992e-33
5.669999999999999929e+00,3.956279812295995851e-32,2.564922729771950836e-32,2.165315980979306370e-33
5.690000000000000391e+00,1.674733551980605671e-32,1.107236028788437660e-32,1.178848558279064775e-33
5.709999999999999964e+00,7.403377457951083222e-33,4.784018450981228243e-33,6.561064050080625917e-34
5.730000000000000426e+00,3.149550092029835806e-33,1.962028836805020583e-33,2.546849866552423641e-34
5.750000000000000000e+00,1.242851037291887902e-33,7.708792214159981923e-34,7.068880311993144171e-35
5.770000000000000462e+00,4.821588934770525783e-34,3.093612596921435788e-34,2.126268728782131556e-35
5.790000000000000036e+00,1.994290516464070217e-34,1.327732895316047505e-34,1.197869412076197535e-35
5.810000000000000497e+00,8.911557959666157495e-35,5.905899904661167889e-35,8.680448630012969506e-36
5.830000000000000071e+00,3.998532661666560260e-35,2.469589198598265992e-35,4.763149974169199231e-36
5.850000000000000533e+00,1.582017035209356138e-35,8.861797351239419589e-36,1.278057769308734099e-36
5.870000000000000107e+00,5.067257948048316189e-36,2.911664629996518326e-36,-1.327053699894549949e-37
5.889999999999999680e+00,1.676528355156827338e-36,1.267280700618180243e-36,-5.811449034499738270e-38
5.910000000000000142e+00,9.599465843790151715e-37,7.321674327088240672e-37,1.852593092517601795e-37
5.929999999999999716e+00,5.941894793582212905e-37,3.353064129068401941e-37,1.510788814164711552e-37
5.950000000000000178e+00,2.276297774450542491e-37,8.429026524637367261e-38,3.013947999657019039e-38
5.969999999999999751e+00,3.520293855974944483e-38,9.514593397085037902e-39,-1.246902343602794141e-38
5.990000000000000213e+00,6.988167551482361624e-39,1.135319242540936802e-38,1.548445272948200221e-39
6.009999999999999787e+00,1.878785247268977492e-38,1.187597209516389723e-38,1.069319680012411001e-38
6.030000000000000249e+00,1.359299427023519410e-38,3.801709409823186943e-39,5.323396026705938532e-39
6.049999999999999822e+00,3.148058392666881962e-39,-4.515308449507246834e-40,4.825529553131967989e-40
6.070000000000000284e+00,1.387323245466970745e-40,-1.889158370384566137e-40,2.952301234049171119e-40
6.089999999999999858e+00,8.855183509036651265e-40,3.338935301804324907e-40,8.152645198021724981e-40
6.110000000000000320e+00,8.764822614376897471e-40,1.215596198136521605e-40,5.091048068941371568e-40
6.129999999999999893e+00,3.125727212351950063e-40,-6.226433739213535344e-41,1.603989901061872473e-40
6.150000000000000355e+00,9.471294750539159090e-41,-3.114125259288301732e-41,9.680331538406297760e-41
6.169999999999999929e+00,1.091789428452900961e-40,1.155572408065011038e-41,1.013036753715928604e-40
6.190000000000000391e+00,9.521954629614424898e-41,6.369795087407728747e-42,6.898836833828230905e-41
6.209999999999999964e+00,5.040949513144701293e-41,-3.330293355407918942e-42,3.558625217576458235e-41
6.230000000000000426e+00,2.534189629193998338e-41,-2.156179677137108053e-42,2.101991138148233766e-41
6.250000000000000000e+00,1.761848364234192092e-41,5.262433504778945277e-43,1.469670066689365017e-41
6.270000000000000462e+00,1.227517344548540100e-41,6.060545653073173997e-43,9.188289176784336653e-42
6.290000000000000036e+00,6.907597722256793220e-42,1.914341508832547476e-44,4.900398983245320617e-42
6.310000000000000497e+00,3.476501908609593626e-42,-8.392883959617200942e-44,2.527406963529004894e-42
6.330000000000000071e+00,1.839443836798708577e-42,4.707443521330964211e-45,1.347056314301348700e-42
6.350000000000000533e+00,9.864845219094396933e-43,2.316211689845337495e-44,6.807007470592316464e-43
6.370000000000000107e+00,4.702455846020857233e-43,4.269333043571096919e-45,3.030222825125383064e-43
6.390000000000000568e+00,1.953037602287317067e-43,-2.489361140231849332e-45,1.218775664474770201e-43
6.410000000000000142e+00,7.608833595749440910e-44,-6.954400848497023049e-46,4.656881915171744400e-44
6.429999999999999716e+00,2.850816129437681261e-44,3.500778767763968063e-46,1.629368630855634512e-44
6.450000000000000178e+00,9.316867731270878953e-45,2.172727155222839939e-46,4.659784651601825595e-45
6.469999999999999751e+00,2.335634792707963482e-45,7.691038468681047094e-47,9.527494504370366735e-46
6.490000000000000213e+00,3.911770476417057487e-46,4.618233329427019964e-47,9.802626751867375508e-47
6.509999999999999787e+00,3.001698873421778427e-47,2.594898534009088686e-47,-1.424884613648889429e-48
6.530000000000000249e+00,2.249992970056211557e-47,1.147133765712435948e-47,3.362211173200636148e-47
6.549999999999999822e+00,5.609075236051736041e-47,5.117900952736686521e-48,6.070675846883564138e-47
6.570000000000000284e+00,6.616961402300823417e-47,2.105491568914604888e-48,6.048403861637957247e-47
6.589999999999999858e+00,5.535398802267257932e-47,1.119875007703050762e-48,4.636336263783609308e-47
6.610000000000000320e+00,3.885565596898664592e-47,1.352684519314827737e-48,3.086884916556727781e-47
6.629999999999999893e+00,2.457082708827156525e-47,1.592783593539013691e-48,1.869957831224133308e-47
6.650000000000000355e+00,1.433452717591322432e-47,1.446390189336275252e-48,1.056523875475407479e-47
6.669999999999999929e+00,7.933035609004733391e-48,1.105845875675972147e-48,5.814465842191005515e-48
6.690000000000000391e+00,4.415826407106023516e-48,7.619995255568577549e-49,3.340394156529451783e-48
6.709999999999999964e+00,2.658364554148818892e-48,4.844500397997232469e-49,2.126687689539844018e-48
6.730000000000000426e+00,1.789631283819752508e-48,2.840773626266212900e-49,1.499978695067950687e-48
6.750000000000000000e+00,1.302299560074847616e-48,1.520513286473271148e-49,1.110192005690488416e-48
6.770000000000000462e+00,9.641759350439467449e-49,7.312118227559217271e-50,8.158060053675010466e-49
6.790000000000000036e+00,6.958129956442865455e-49,3.077837906668657014e-50,5.770757384770301101e-49
6.810000000000000497e+00,4.799618843674360561e-49,1.051186496214435344e-50,3.883194128967475009e-49
6.830000000000000071e+00,3.144051030975894047e-49,1.981388496685080777e-51,2.479208042880182007e-49
6.850000000000000533e+00,1.955078034471761036e-49,-9.315960699801866770e-52,1.504082474233531131e-49
6.870000000000000107e+00,1.157166535826526424e-49,-1.453066481311447706e-51,8.701326858257063225e-50
6.890000000000000568e+00,6.544797206922544225e-50,-1.164712638074439553e-51,4.819159576929058841e-50
6.910000000000000142e+00,3.550585885017320909e-50,-7.478495066312016790e-52,2.564196259176361597e-50
6.929999999999999716e+00,1.853411086938861656e-50,-4.227605951301209015e-52,1.314768299726948105e-50
6.950000000000000178e+00,9.336314859499483573e-51,-2.171347277471821888e-52,6.515896373214996120e-51
6.969999999999999751e+00,4.552551373438663954e-51,-1.021637756447069929e-52,3.131382214757633119e-51
6.990000000000000213e+00,2.156151838115364241e-51,-4.386851143435282770e-53,1.464517497132177297e-51
7.009999999999999787e+00,9.956330105110631912e-52,-1.686888546448985218e-53,6.693659774386957561e-52
7.030000000000000249e+00,4.503018344270665476e-52,-5.482942772539290883e-54,3.005175428216956012e-52
7.049999999999999822e+00,2.006228917987423409e-52,-1.209709247025163083e-54,1.333682911840137851e-52
7.070000000000000284e+00,8.866667372959151672e-53,1.153908199665706312e-55,5.894488304437222591e-53
7.089999999999999858e+00,3.918622866977443025e-53,3.626122867164577852e-55,2.615993207271268573e-53
7.110000000000000320e+00,1.746719592455641653e-53,2.944742938629565780e-55,1.175530282351518621e-53
7.129999999999999893e+00,7.916202473454633824e-54,1.812628048956305689e-55,5.386053071079548116e-54
7.150000000000000355e+00,3.668731817599649218e-54,9.637014553799187504e-56,2.525927430711742828e-54
7.169999999999999929e+00,1.741636322262873466e-54,4.605977185357342924e-56,1.211713703258994564e-54
7.190000000000000391e+00,8.442472073265017280e-55,2.004289657475998012e-56,5.914959159510203403e-55
7.209999999999999964e+00,4.148893040452556267e-55,7.931051268482636466e-57,2.913912994313393651e-55
7.230000000000000426e+00,2.048059328838208213e-55,2.815186582804648382e-57,1.435312426605153879e-55
7.250000000000000000e+00,1.006276654439429049e-55,8.679572791303875156e-58,7.009245828328822514e-56
7.270000000000000462e+00,4.883056797904345335e-56,2.164395001931867176e-58,3.370638456377631474e-56
7.290000000000000036e+00,2.326754026096991905e-56,3.648882072015972299e-59,1.588447766466376826e-56
7.310000000000000497e+00,1.084420438444410220e-56,2.854893236192960703e-60,7.313044828579677513e-57
7.330000000000000071e+00,4.931724902930525297e-57,3.288011583387729368e-60,3.283207606796050712e-57
7.350000000000000533e+00,2.185738907281357424e-57,6.347096694578829064e-60,1.436096790447274537e-57
7.370000000000000107e+00,9.435776022007423053e-58,6.706834683304859951e-60,6.118697903444281318e-58
7.390000000000000568e+00,3.968191075056330399e-58,5.329833490770037267e-60,2.540447244243572827e-58
7.410000000000000142e+00,1.627117442472712174e-58,3.585613559014453707e-60,1.029242862341744033e-58
7.429999999999999716e+00,6.518438709187844685e-59,2.154127946069506073e-60,4.080708143883367423e-59
7.450000000000000178e+00,2.561745591639834429e-59,1.189042440341747594e-60,1.592036429289326669e-59
7.469999999999999751e+00,9.949146471653156025e-60,6.133364225064232643e-61,6.169794819745293988e-60
7.490000000000000213e+00,3.863904285102078844e-60,2.988767986243951022e-61,2.409074955100913752e-60
7.509999999999999787e+00,1.525133400113391650e-60,1.385954607593722102e-61,9.645057300515461784e-61
7.530000000000000249e+00,6.225553810406199126e-61,6.147114924381483206e-62,4.021614897795355717e-61
7.549999999999999822e+00,2.658599878686963076e-61,2.617236242006972104e-62,1.756867242377339528e-61
7.570000000000000284e+00,1.186745620541269831e-61,1.072736357974238541e-62,7.980780585652704779e-62
7.589999999999999858e+00,5.463986630974550264e-62,4.243788728638628259e-63,3.705229129352669074e-62
7.610000000000000320e+00,2.545544355816986324e-62,1.625435473727218478e-63,1.724481674515197838e-62
7.629999999999999893e+00,1.178630984636023830e-62,6.054860216466831152e-64,7.919305816355207550e-63
7.650000000000000355e+00,5.352143186261769288e-63,2.209285199190758914e-64,3.549768976353855395e-63
7.669999999999999929e+00,2.363477350319761350e-63,7.982770661951284176e-65,1.543048273610890297e-63
7.690000000000000391e+00,1.010109293882036080e-63,2.899668895473997155e-65,6.482330477537120918e-64
7.709999999999999964e+00,4.168330048248970617e-64,1.077204367452182853e-65,2.627908594832589980e-64
7.730000000000000426e+00,1.659539238787840132e-64,4.150148160565625092e-66,1.027793929789539599e-64
7.750000000000000000e+00,6.375762081169797022e-65,1.665346589144319429e-66,3.880331577090271433e-65
7.770000000000000462e+00,2.365945709507396027e-65,6.907104988076647870e-67,1.415967615340168921e-65
7.790000000000000036e+00,8.494426095864201996e-66,2.915724965530746365e-67,5.004601695602673655e-66
7.810000000000000497e+00,2.958534498829916165e-66,1.232272151005575289e-67,1.718905996659675550e-66
7.830000000000000071e+00,1.003815494823055134e-66,5.146460533429078374e-68,5.767229827873292208e-67
7.850000000000000533e+00,3.339836914316857469e-67,2.106294803141157022e-68,1.905653958169639843e-67
7.870000000000000107e+00,1.100617150049342157e-67,8.412381168863048338e-69,6.276123098788903325e-68
7.890000000000000568e+00,3.643174442507681447e-68,3.275635988452651216e-69,2.093106116877339847e-68
7.910000000000000142e+00,1.232000058912450517e-68,1.245378750739098319e-69,7.191335631511824553e-69
7.930000000000000604e+00,4.323561189182484500e-69,4.638776674360273331e-70,2.578546900192789006e-69
7.950000000000000178e+00,1.587600199579369947e-69,1.700811738211211971e-70,9.677195413402758173e-70
7.969999999999999751e+00,6.080930933593901194e-70,6.171657506242589465e-71,3.770324556144837440e-70
7.990000000000000213e+00,2.400329979374690705e-70,2.227580952910074126e-71,1.503206770380676010e-70
8.009999999999999787e+00,9.620559603798982729e-71,8.025189987213188130e-72,6.046784719260557522e-71
8.029999999999999361e+00,3.867513296180717188e-71,2.887986406918201983e-72,2.429387024841968270e-71
8.050000000000000711e+00,1.547590276482473015e-71,1.035582101028756855e-72,9.695794286919736877e-72
8.070000000000000284e+00,6.143800370621764345e-72,3.680596160430876531e-73,3.837569919877096007e-72
8.089999999999999858e+00,2.419090770262638435e-72,1.287408208321683341e-73,1.507271208879093109e-72
8.109999999999999432e+00,9.459920744585910707e-73,4.398617913619596235e-74,5.884445429546002283e-73
8.130000000000000782e+00,3.680810584880770939e-73,1.458518012347812761e-74,2.287379806424010452e-73
8.150000000000000355e+00,1.427234302231811926e-73,4.677366118913362830e-75,8.863336385068794927e-74
8.169999999999999929e+00,5.519591933139570480e-74,1.455264560730833530e-75,3.424847835856200927e-74
8.189999999999999503e+00,2.128918367612404322e-74,4.466618565620225323e-76,1.319007203815126161e-74
8.210000000000000853e+00,8.181502392741737854e-75,1.407946007520458134e-76,5.055993296091253025e-75
8.230000000000000426e+00,3.126918517119376228e-75,4.857922405038776600e-77,1.924577438952666109e-75
8.250000000000000000e+00,1.185306952913299611e-75,1.929068092113977640e-77,7.253058815123559086e-76
8.269999999999999574e+00,4.441387531161509131e-76,8.690758405565642801e-78,2.696800334811539399e-76
8.290000000000000924e+00,1.639191564106113376e-76,4.170115344812395822e-78,9.859140071594427353e-77
8.310000000000000497e+00,5.940522371118407065e-77,2.012223521268202319e-78,3.535201324536483343e-77
8.330000000000000071e+00,2.110612174605687766e-77,9.461589038053574318e-79,1.242800229703316234e-77
8.349999999999999645e+00,7.360445449687358241e-78,4.280945849618036565e-79,4.297152630544138898e-78
8.370000000000000995e+00,2.533649061234215521e-78,1.857853034231304690e-79,1.473668210314121990e-78
8.390000000000000568e+00,8.707654926699826670e-79,7.739024554541642272e-80,5.085996264544284915e-79
8.410000000000000142e+00,3.039427174860158526e-79,3.100844116404679858e-80,1.800180877956380180e-79
8.429999999999999716e+00,1.097839607180501654e-79,1.198047733459155834e-80,6.644972171547042621e-80
8.449999999999999289e+00,4.152790009951370800e-80,4.474797543565632095e-81,2.572444456568239593e-80
8.470000000000000639e+00,1.641717639550840473e-80,1.619973362712265806e-81,1.034645718505035742e-80
8.490000000000000213e+00,6.680411255615380606e-81,5.700611068498457572e-82,4.241482683768314086e-81
8.509999999999999787e+00,2.741619388604870471e-81,1.956695581292847974e-82,1.737071145036328448e-81
8.529999999999999361e+00,1.114561252228117249e-81,6.580924406932700284e-83,6.997684281164625371e-82
8.550000000000000711e+00,4.432297539556422803e-82,2.182007828939878705e-83,2.745340040799650114e-82
8.570000000000000284e+00,1.711190066457591321e-82,7.188929604509887178e-84,1.043046725505714477e-82
8.589999999999999858e+00,6.388036980234210621e-83,2.375708470656969794e-84,3.827064431350868267e-83
8.609999999999999432e+00,2.301624444971104746e-83,7.950525497873225863e-85,1.354517811004282654e-83
8.630000000000000782e+00,7.998870493053788114e-84,2.714434899370967750e-85,4.623334112037346049e-84
8.650000000000000355e+00,2.681491080319852032e-84,9.481109511786108887e-86,1.522316719679129870e-84
8.669999999999999929e+00,8.675909294818812490e-85,3.378636716456389192e-86,4.839249802600262941e-85
8.689999999999999503e+00,2.712394714250640406e-85,1.219702074938420566e-86,1.487574886908767804e-85
8.710000000000000853e+00,8.213243315854163330e-86,4.421277721526636451e-87,4.436523690620824597e-86
8.730000000000000426e+00,2.420264280491634176e-86,1.595949421414486112e-87,1.292246443106012811e-86
8.750000000000000000e+00,7.004902022240683053e-87,5.699957689990640694e-88,3.722388486406019054e-87
8.769999999999999574e+00,2.024449617622029151e-87,2.005617622090648374e-88,1.083133785628861966e-87
8.790000000000000924e+00,5.993746682895524173e-88,6.936011674145246099e-89,3.279425820063608628e-88
8.810000000000000497e+00,1.874573098126127562e-88,2.355169499879070724e-89,1.063681603289552641e-88
8.830000000000000071e+00,6.331504426766193901e-89,7.851106835964621146e-90,3.739852092034144170e-89
8.849999999999999645e+00,2.306385887381883349e-89,2.570145653115329659e-90,1.405354159918187386e-89
8.870000000000000995e+00,8.849676078700684904e-90,8.264618230394423820e-91,5.479787783436885235e-90
8.890000000000000568e+00,3.470309311135243312e-90,2.610317715776992106e-91,2.154857726254977378e-90
8.910000000000000142e+00,1.357674196664756414e-90,8.092067098189997390e-92,8.380417147873678889e-91
8.929999999999999716e+00,5.221150055420468642e-91,2.458292058714370426e-92,3.188425062433850076e-91
8.950000000000001066e+00,1.958665479571650726e-91,7.298999445363244301e-93,1.180705139892569072e-91
8.970000000000000639e+00,7.144620565657344682e-92,2.109764215109155022e-93,4.248114977958655158e-92
8.990000000000000213e+00,2.532113742099857506e-92,5.903462138615709305e-94,1.485055732591508672e-92
9.009999999999999787e+00,8.723445470476023088e-93,1.586362142620594025e-94,5.048699926774474059e-93
9.029999999999999361e+00,2.924823280599435842e-93,4.044981445712203325e-95,1.671536893538723459e-93
9.050000000000000711e+00,9.558429709222414893e-94,9.596729146633677079e-96,5.398684269580070882e-94
9.070000000000000284e+00,3.050187368696407742e-94,2.040939305211854238e-96,1.704225727458183417e-94
9.089999999999999858e+00,9.523355526505204187e-95,3.552107139077659622e-97,5.269318899042791157e-95
9.109999999999999432e+00,2.915672246934580688e-95,3.401010035382984280e-98,1.599484835689900781e-95
9.130000000000000782e+00,8.774522956621646115e-96,-8.162896637703210694e-99,4.778548414968795124e-96
9.150000000000000355e+00,2.602374134750003938e-96,-6.348239812619970569e-99,1.408804544711915744e-96
9.169999999999999929e+00,7.626768645010120426e-97,-2.440207019690845111e-99,4.109606062402174444e-97
9.189999999999999503e+00,2.214497152763730115e-97,-6.708858037380338444e-100,1.189142222402362736e-97
9.210000000000000853e+00,6.385667428433448870e-98,-1.122647523594114200e-100,3.420493802584267293e-98
9.230000000000000426e+00,1.832213158356394052e-98,1.359114181698665370e-101,9.796589882044471138e-99
9.250000000000000000e+00,5.238110947866234636e-99,2.368752281356073072e-101,2.796651152761562478e-99
9.269999999999999574e+00,1.493251831973102489e-99,1.424899883541330470e-101,7.961368686936648426e-100
9.290000000000000924e+00,4.246014865579526630e-100,6.652058236954068864e-102,2.260416647977161102e-100
9.310000000000000497e+00,1.204401909137712539e-100,2.730832703409933993e-102,6.401844738752766459e-101
9.330000000000000071e+00,3.409010748001229544e-101,1.031780356970823621e-102,1.809482132399265382e-101
9.349999999999999645e+00,9.635849040512663135e-102,3.668770473782907795e-103,5.109931274462660506e-102
9.370000000000000995e+00,2.723786589772914051e-102,1.243621759408090446e-103,1.444245199800334972e-102
9.390000000000000568e+00,7.714665149762085067e-103,4.052381512486298755e-104,4.093823475081547153e-103
9.410000000000000142e+00,2.193693216208881152e-103,1.276938804812141983e-104,1.165845989040260049e-103
9.429999999999999716e+00,6.270259611098869100e-104,3.909422599155679230e-105,3.337642885923747680e-104
9.450000000000001066e+00,1.800993353537754803e-104,1.167776509374754510e-105,9.593532270423802743e-105
9.470000000000000639e+00,5.186002669917814136e-105,3.417745341029796274e-106,2.759254703601771287e-105
9.490000000000000213e+00,1.490607861879930689e-105,9.845934459642262677e-107,7.900454447575833188e-106
9.509999999999999787e+00,4.252399732557045622e-106,2.806602963626017730e-107,2.238383754990567658e-106
9.529999999999999361e+00,1.196767086028346706e-106,7.961588710806169858e-108,6.238362638624450426e-107
9.550000000000000711e+00,3.304823287732778516e-107,2.260355327098009982e-108,1.702207605853885619e-107
9.570000000000000284e+00,8.922119395669907405e-108,6.452192058971290106e-109,4.536620134534572109e-108
9.589999999999999858e+00,2.353390392748320274e-108,1.856066531471332704e-109,1.182681661980114441e-108
9.609999999999999432e+00,6.089876748425208124e-109,5.376157751239917226e-110,3.038226004422280674e-109
9.630000000000000782e+00,1.563225064952538824e-109,1.561709911664639988e-110,7.811570818642102827e-110
9.650000000000000355e+00,4.059529105924304349e-110,4.520749488048997599e-111,2.058823001351887862e-110
9.669999999999999929e+00,1.094492438482197721e-110,1.294279923660428999e-111,5.709657554240229691e-111
9.689999999999999503e+00,3.131620530427307437e-111,3.636799211757619180e-112,1.690730323989496115e-111
9.710000000000000853e+00,9.550429512339213659e-112,9.956910678328955701e-113,5.306835866237044538e-112
9.730000000000000426e+00,3.052627902868144433e-112,2.637978252190681689e-113,1.723032828797697484e-112
9.750000000000000000e+00,9.953494229840785208e-113,6.717264901124980011e-114,5.630591887101459562e-113
9.769999999999999574e+00,3.230501845292772682e-113,1.631388333270810096e-114,1.813482446263519037e-113
9.790000000000000924e+00,1.026259392693452153e-113,3.741083983655738138e-115,5.682435070374355744e-114
9.810000000000000497e+00,3.160022276398795360e-114,7.975034237133128508e-116,1.720027821451374828e-114
9.830000000000000071e+00,9.382388997124088374e-115,1.535089504826023509e-116,5.010938307513583943e-115
9.849999999999999645e+00,2.678749274549286985e-115,2.490477382764181371e-117,1.402118442372943453e-115
9.870000000000000995e+00,7.341323030437847419e-116,2.628562613243408945e-118,3.761933539618203086e-116
9.890000000000000568e+00,1.927831649958252658e-116,-2.282408746353326171e-119,9.658238320006460671e-117
9.910000000000000142e+00,4.838705100988965787e-117,-2.592242335380387498e-119,2.365162598078573005e-117
9.929999999999999716e+00,1.156232084951580280e-117,-1.078085518913157814e-119,5.496480798156939368e-118
9.950000000000001066e+00,2.613914995243752473e-118,-3.551678882835885130e-120,1.202287048029900818e-118
9.970000000000000639e+00,5.534822634942719826e-119,-1.049595316515024648e-120,2.442451055117301425e-119
9.990000000000000213e+00,1.079814847579117827e-119,-2.922242089146932154e-121,4.505174201022298535e-120
1.000999999999999979e+01,1.887544852298333565e-120,-7.878095911834772357e-122,7.243045774041256930e-121
1.002999999999999936e+01,2.812243426808262062e-121,-2.093779149776199725e-122,9.367250193072109450e-122
1.005000000000000071e+01,3.276006850239438985e-122,-5.550832454909342015e-123,8.409142376757904197e-123
1.007000000000000028e+01,3.099059956106015512e-123,-1.477774611110322355e-123,9.098163270025123557e-124
1.008999999999999986e+01,9.717732450412727482e-124,-3.961300697003573451e-124,7.465200300372129912e-124
1.010999999999999943e+01,7.349566280117514900e-124,-1.069328509994669026e-124,5.502580269364110804e-124
1.013000000000000078e+01,4.275334337495112037e-124,-2.904444243210060907e-125,2.893667475700394002e-124
1.015000000000000036e+01,1.978247490347325133e-124,-7.930580438899512943e-126,1.246671946398498319e-124
1.016999999999999993e+01,7.888195790269038225e-125,-2.175043973484695887e-126,4.724818905630101493e-125
1.018999999999999950e+01,2.836037853099809516e-125,-5.983781255805441911e-127,1.634526579982088950e-125
1.021000000000000085e+01,9.433081795983790362e-126,-1.647209770137793868e-127,5.270960533112547493e-126
1.023000000000000043e+01,2.948151891753855240e-126,-4.518874500922102635e-128,1.604925337845775940e-126
1.025000000000000000e+01,8.743875680032675640e-127,-1.228566938729103211e-128,4.652558676011243430e-127
1.026999999999999957e+01,2.477322047295614722e-127,-3.287834153522680086e-129,1.291319004532073676e-127
1.029000000000000092e+01,6.735441436164249177e-128,-8.594464673117545271e-130,3.444962919233529453e-128
1.031000000000000050e+01,1.763085034550980612e-128,-2.175408414497320850e-130,8.859065271710743070e-129
1.033000000000000007e+01,4.454144863530644973e-129,-5.275905663407271919e-131,2.200885760649196489e-129
1.034999999999999964e+01,1.088128428235158905e-129,-1.208289838561063083e-131,5.291754518133622319e-130
1.037000000000000099e+01,2.574812383954404909e-130,-2.551201037266569605e-132,1.233413094612484018e-130
1.039000000000000057e+01,5.910949994334619807e-131,-4.725449845923532773e-133,2.791602068926726416e-131
1.041000000000000014e+01,1.318785492405118739e-131,-6.629544245725412819e-134,6.147240248398798856e-132
1.042999999999999972e+01,2.865739574394339921e-132,-1.674888740600338343e-135,1.320378196299285667e-132
1.045000000000000107e+01,6.083600206007232236e-133,3.549508656830960557e-135,2.776746055168395978e-133
1.047000000000000064e+01,1.267601139938316425e-133,1.869799167865935859e-135,5.751683179143153410e-134
1.049000000000000021e+01,2.612558464891515152e-134,6.926905405445679840e-136,1.185235668346038451e-134
1.050999999999999979e+01,5.395407644696715324e-135,2.204266121644396634e-136,2.469559180081243698e-135
1.052999999999999936e+01,1.139359774106445495e-135,6.393616861507483196e-137,5.328120106827800427e-136
1.055000000000000071e+01,2.527528871298363676e-136,1.735969490455792715e-137,1.223697226981921082e-136
1.057000000000000028e+01,6.043732364000574803e-137,4.481281768772039873e-138,3.051173460293487409e-137
1.058999999999999986e+01,1.573610109600431320e-137,1.112867798058662065e-138,8.249643796673646524e-138
1.060999999999999943e+01,4.403574753694689745e-138,2.689378705855501328e-139,2.366592521396093513e-138
1.063000000000000078e+01,1.288291458162069873e-138,6.408140286143623616e-140,6.997611129570187927e-139
1.065000000000000036e+01,3.832766555046255195e-139,1.528793205210067962e-140,2.081839380291496585e-139
1.066999999999999993e+01,1.136888257970843276e-139,3.710341814420733460e-141,6.136471979449224836e-140
1.068999999999999950e+01,3.324333280195875399e-140,9.273814435302039148e-142,1.777772270964894262e-140
1.071000000000000085e+01,9.532962984514572629e-141,2.396188678210305325e-142,5.046633368889649204e-141
1.073000000000000043e+01,2.677648660051534435e-141,6.359136646101504137e-143,1.403864076291073918e-141
1.075000000000000000e+01,7.375419471765053970e-142,1.709808415876216204e-143,3.834283583392176094e-142
1.076999999999999957e+01,1.997305387504340880e-142,4.584290256211185796e-144,1.031278717941964072e-142
1.079000000000000092e+01,5.335375213336143787e-143,1.207947539483894807e-144,2.740940526263620280e-143
1.081000000000000050e+01,1.410837296368699708e-143,3.089657488283469258e-145,7.223383776071047869e-144
1.083000000000000007e+01,3.705085848304285879e-144,7.585663676149100920e-146,1.893149921593035932e-144
1.084999999999999964e+01,9.688765664124682612e-145,1.765602045387357417e-146,4.945128585974169400e-145
1.087000000000000099e+01,2.527202234677820743e-145,3.826181683610418820e-147,1.289006250442320982e-145
1.089000000000000057e+01,6.580403647510138653e-146,7.462351056917148922e-148,3.354007815654496866e-146
1.091000000000000014e+01,1.710371840192463844e-146,1.202943603345728273e-148,8.708696356213163226e-147
1.092999999999999972e+01,4.435050974021700460e-147,1.098382153588655581e-149,2.254760338247846207e-147
1.095000000000000107e+01,1.146337405601643079e-147,-2.368729783776767423e-150,5.816156835040629147e-148
1.097000000000000064e+01,2.950984697224836644e-148,-1.876167602772199229e-150,1.493581514346315433e-148
1.099000000000000021e+01,7.560655067383464992e-149,-7.713650559614792129e-151,3.816133135550138678e-149
1.100999999999999979e+01,1.926925910373688168e-149,-2.592457277739073626e-151,9.696940244111998031e-150
1.102999999999999936e+01,4.883314814475639962e-150,-7.821066908392187563e-152,2.449698500805988495e-150
1.105000000000000071e+01,1.230135652078514458e-150,-2.194614201746230444e-152,6.150300831145708794e-151
1.107000000000000028e+01,3.078876997389820718e-151,-5.826574492877899441e-153,1.533812162415575201e-151
1.108999999999999986e+01,7.652058359601159831e-152,-1.477165777967244602e-153,3.797056608815994343e-152
1.110999999999999943e+01,1.887003260997321257e-152,-3.594338270948072767e-154,9.322703459253941314e-153
1.113000000000000078e+01,4.612710230253757238e-153,-8.415741630003278152e-155,2.267787726895981836e-153
1.115000000000000036e+01,1.116468060621061398e-153,-1.897311179707570807e-155,5.459122335873140043e-154
1.116999999999999993e+01,2.672536333780775777e-154,-4.114207848532029270e-156,1.298894283656034656e-154
1.118999999999999950e+01,6.319162098527141801e-155,-8.554109844168620128e-157,3.050906817596250416e-155
1.121000000000000085e+01,1.474143176569104910e-155,-1.694942632762901781e-157,7.066188659846464449e-156
1.123000000000000043e+01,3.389070429244314587e-156,-3.164705873091159151e-158,1.612039190867039971e-156
1.125000000000000000e+01,7.670752035086053301e-157,-5.446900887446478905e-159,3.618876586254102256e-157
1.126999999999999957e+01,1.707685838305025864e-157,-8.220694424927700283e-160,7.987166906756960792e-158
1.129000000000000092e+01,3.736143484178741851e-158,-9.301600875560760075e-161,1.731724579607266515e-158
1.131000000000000050e+01,8.026877319070697039e-159,-1.014760887443268561e-162,3.685555076633825062e-159
1.133000000000000007e+01,1.692229333114264802e-159,3.876296958374652816e-162,7.693984432548692043e-160
1.134999999999999964e+01,3.498278741402439458e-160,1.675785816006558179e-162,1.574407868732241513e-160
1.137000000000000099e+01,7.086459216632578832e-161,5.255661898783801935e-163,3.155697500986815612e-161
1.139000000000000057e+01,1.405665172326686411e-161,1.438109467450811291e-163,6.191293204895304520e-162
1.141000000000000014e+01,2.728444432745257119e-162,3.633396638807418868e-164,1.188176556559466033e-162
1.142999999999999972e+01,5.179081786354024749e-163,8.693065963605721336e-165,2.229124610982375790e-163
1.145000000000000107e+01,9.608949377830713192e-164,1.996736947091279791e-165,4.086648164570263240e-164
1.147000000000000064e+01,1.742184514361922189e-164,4.440106794128403106e-166,7.321295477090101193e-165
1.149000000000000021e+01,3.087991685312184150e-165,9.611722738551973713e-167,1.282805005946098868e-165
1.150999999999999979e+01,5.358910817511977414e-166,2.033409718413797151e-167,2.203439127274089587e-166
1.152999999999999936e+01,9.137102118644937778e-167,4.215623683474180896e-168,3.728568452309952557e-167
1.155000000000000071e+01,1.540963135919927773e-167,8.581316864867051059e-169,6.271408189936839668e-168
1.157000000000000028e+01,2.600123892791252921e-168,1.717325998262471254e-169,1.063594157272043789e-168
1.158999999999999986e+01,4.464112731106301837e-169,3.381035079846671653e-170,1.854155650258955175e-169
1.160999999999999943e+01,7.957252362259305322e-170,6.549154289720908998e-171,3.389102269670173391e-170
1.163000000000000078e+01,1.497367165317125492e-170,1.247509237045312242e-171,6.572108817437151175e-171
1.165000000000000036e+01,2.988505066843189529e-171,2.334186423921999490e-172,1.347868773810638915e-171
1.166999999999999993e+01,6.261439924566134315e-172,4.282146046494134683e-173,2.876572002394749203e-172
1.168999999999999950e+01,1.350812965466959407e-172,7.681553518501286287e-174,6.257155587490546664e-173
1.171000000000000085e+01,2.942084485908220614e-173,1.342248047956481465e-174,1.362650694489960207e-173
1.173000000000000043e+01,6.372465584847539717e-174,2.272078249387371543e-175,2.934563826505766544e-174
1.175000000000000000e+01,1.359487647630320613e-174,3.695192974030303176e-176,6.204345879397222397e-175
1.176999999999999957e+01,2.841544928317812723e-175,5.697128446919153385e-177,1.283074188103864063e-175
1.179000000000000092e+01,5.805029098762038014e-176,8.124525757501917075e-178,2.591989397756777289e-176
1.181000000000000050e+01,1.158479951701900280e-176,1.014477409425073210e-178,5.115697850085881185e-177
1.183000000000000007e+01,2.259914476642790684e-177,9.292846642584097797e-180,9.875553567595936951e-178
1.184999999999999964e+01,4.315879869543657160e-178,-4.874866173291879483e-182,1.868198105680540153e-178
1.187000000000000099e+01,8.086796910963591206e-179,-3.274868794314716761e-181,3.472125184927369447e-179
1.189000000000000057e+01,1.490914871377953711e-179,-1.162234539641855018e-181,6.360163386710303271e-180
1.191000000000000014e+01,2.714117819450171565e-180,-3.099706908347207002e-182,1.152732664927484682e-180
1.192999999999999972e+01,4.899394586164168071e-181,-7.336296769704266051e-183,2.076712623187965128e-181
1.195000000000000107e+01,8.813573531170299848e-182,-1.629083881129656830e-183,3.738769204999930359e-182
1.197000000000000064e+01,1.589018831197492152e-182,-3.488874439280752881e-184,6.767033515447186060e-183
1.199000000000000021e+01,2.889485268913699755e-183,-7.328500866567738635e-185,1.239463945322334600e-183
1.200999999999999979e+01,5.335350142929487025e-184,-1.527076174963901156e-185,2.313138723846349138e-184
1.203000000000000114e+01,1.007231058550221242e-184,-3.180592136694043813e-186,4.427837968967482224e-185
1.205000000000000071e+01,1.956543195877580258e-185,-6.650459328620737418e-187,8.744528734406620959e-186
1.207000000000000028e+01,3.930864856023939814e-186,-1.398121156900621171e-187,1.789207058032691592e-186
1.208999999999999986e+01,8.193640438367989506e-187,-2.952548056009562282e-188,3.799575021414159403e-187
1.210999999999999943e+01,1.772587637062306180e-187,-6.246423129230534287e-189,8.364744363296280179e-188
1.213000000000000078e+01,3.969289010668962615e-188,-1.318697843492300040e-189,1.901251412622927852e-188
1.215000000000000036e+01,9.150622603348422505e-189,-2.765097178631329034e-190,4.433263547986552601e-189
1.216999999999999993e+01,2.156168401345641713e-189,-5.728983935752128905e-191,1.052374661366247306e-189
1.218999999999999950e+01,5.151613171244472016e-190,-1.166196193665859741e-191,2.523117376490739946e-190
1.221000000000000085e+01,1.238392949762099035e-190,-2.317174455142560608e-192,6.064934533731425494e-191
1.223000000000000043e+01,2.974590890563470948e-191,-4.457902520242095692e-193,1.452401758585714885e-191
1.225000000000000000e+01,7.098314475880431053e-192,-8.211725487643866731e-194,3.447411989234265960e-192
1.226999999999999957e+01,1.675241736255939051e-192,-1.422828081415601961e-194,8.078471531891855597e-193
1.229000000000000092e+01,3.896867256601478707e-193,-2.241971757689519453e-195,1.863501690696686949e-193
1.231000000000000050e+01,8.912649485511655480e-194,-2.956404158355668553e-196,4.222861027548907293e-194
1.233000000000000007e+01,2.000912222514311945e-194,-2.286476873640929262e-197,9.388068605696871689e-195
1.234999999999999964e+01,4.404808664328608498e-195,3.587035405169641839e-198,2.045952730972380199e-195
1.237000000000000099e+01,9.503103910267962025e-196,2.467688150231155345e-198,4.369309749118923247e-196
1.239000000000000057e+01,2.008972732750854136e-196,8.524117577115820718e-199,9.143819984623690071e-197
1.241000000000000014e+01,4.162162512517301779e-197,2.408633245146998855e-199,1.875697417445363282e-197
1.242999999999999972e+01,8.454309370764968218e-198,6.135286612457950649e-200,3.773492356610532041e-198
1.245000000000000107e+01,1.684703991177822944e-198,1.461634291765164215e-200,7.450470350247550132e-199
1.247000000000000064e+01,3.296179772751849539e-199,3.316144921367544040e-201,1.445028963113053097e-199
1.249000000000000021e+01,6.338271969326904458e-200,7.239048652203886042e-202,2.756053190945246937e-200
1.250999999999999979e+01,1.199233736047078534e-200,1.530270384024167879e-202,5.175458104420039471e-201
1.253000000000000114e+01,2.235492803384314463e-201,3.145886937965097631e-203,9.581894142190196028e-202
1.255000000000000071e+01,4.111472032442164143e-202,6.307885437440154878e-204,1.751600863203487446e-202
1.257000000000000028e+01,7.471982058016357853e-203,1.236210083020361222e-204,3.166448745361980536e-203
1.258999999999999986e+01,1.343911124615830751e-203,2.371429481278828332e-205,5.669497630473762191e-204
1.260999999999999943e+01,2.395950116790564817e-204,4.457494483536408273e-206,1.006954610022979435e-204
1.263000000000000078e+01,4.240257362763837141e-205,8.215730877622067218e-207,1.776496662897168072e-205
1.265000000000000036e+01,7.458722304083581829e-206,1.485522337846412439e-207,3.116714782106711460e-206
1.266999999999999993e+01,1.305314556869147216e-206,2.635746646514000856e-208,5.441829619976529090e-207
1.268999999999999950e+01,2.274009820889141386e-207,4.589391910621549008e-209,9.459189715407169370e-208
1.271000000000000085e+01,3.943997709653242584e-208,7.841350299915400520e-210,1.636631920225103093e-208
1.273000000000000043e+01,6.807084885422884567e-209,1.314247362968066526e-210,2.816640488809254223e-209
1.275000000000000000e+01,1.168008955130929004e-209,2.159531549342544375e-211,4.815713857282422926e-210
1.276999999999999957e+01,1.989516914084203943e-210,3.475427538030569719e-212,8.165585481088638136e-211
1.279000000000000092e+01,3.357476970505384568e-211,5.469199096328357348e-213,1.370120992082006102e-211
1.281000000000000050e+01,5.600106161074540543e-212,8.394173427138428276e-214,2.268987053690236830e-212
1.283000000000000007e+01,9.205804883486691277e-213,1.251227569417299113e-214,3.697143675406220901e-213
1.284999999999999964e+01,1.486510656493287827e-213,1.798623657616309823e-215,5.905977877282462433e-214
1.287000000000000099e+01,2.348649503793507579e-214,2.462844198182252644e-216,9.209470371449897391e-215
1.289000000000000057e+01,3.613778914264120273e-215,3.137588434765444748e-217,1.394374729848624952e-215
1.291000000000000014e+01,5.382911847984866710e-216,3.527221515560317041e-218,2.035760216878806726e-216
1.292999999999999972e+01,7.701340662564168077e-217,2.961737033603495792e-219,2.838963861728709294e-217
1.295000000000000107e+01,1.046648025324908637e-217,8.131098333140799395e-222,3.729424069697865667e-218
1.297000000000000064e+01,1.328871236199177624e-218,-7.664169008870332350e-221,4.514364760798100675e-219
1.299000000000000021e+01,1.534035998890406462e-219,-2.474118646004162827e-221,4.845218293305138436e-220
1.300999999999999979e+01,1.534341629371721068e-220,-5.846150159917205322e-222,4.274791055791504451e-221
1.303000000000000114e+01,1.213263912758511805e-221,-1.199420084135295197e-222,2.628609638404817377e-222
1.305000000000000071e+01,6.880775964366334860e-223,-2.246720641275828858e-223,1.212175449019196485e-223
1.307000000000000028e+01,9.471494193227870409e-224,-3.920056925843114246e-224,6.013210462293326943e-224
1.308999999999999986e+01,5.440065243615450553e-224,-6.430757141301959144e-225,3.535765080683730647e-224
1.310999999999999943e+01,2.374085695947113054e-224,-9.985881799414389633e-226,1.370625809755121211e-224
1.313000000000000078e+01,7.955007256570998505e-225,-1.485072684839943175e-226,4.251705071002891783e-225
1.315000000000000036e+01,2.275177109943438961e-225,-2.178039098361051919e-227,1.156039480191887162e-225
1.316999999999999993e+01,5.876033383734964435e-226,-3.358944605473858026e-228,2.881987917177544977e-226
1.318999999999999950e+01,1.413705822134640423e-226,-5.970777590125605130e-229,6.755455094487273781e-227
1.321000000000000085e+01,3.228375934904400809e-227,-1.278134781228186405e-229,1.512188903640412592e-227
1.323000000000000043e+01,7.083681359472190682e-228,-3.110365043512677262e-230,3.266164299614676271e-228
1.325000000000000000e+01,1.506109059363838415e-228,-7.874450007268925367e-231,6.856895212893039198e-229
1.326999999999999957e+01,3.122165182164776629e-229,-1.963169698220627508e-231,1.406799746691308803e-229
1.329000000000000092e+01,6.340058309934295061e-230,-4.715474794854776587e-232,2.832476526573809222e-230
1.331000000000000050e+01,1.265784390542757054e-230,-1.085276240018906949e-232,5.615089286080579179e-231
1.333000000000000007e+01,2.491815049346904394e-231,-2.395186824696083831e-233,1.098834555780455509e-231
1.334999999999999964e+01,4.847916274068438834e-232,-5.082710301845490545e-234,2.127028104262851514e-232
1.337000000000000099e+01,9.337685914543011284e-233,-1.040181064347352874e-234,4.078845424139665884e-233
1.339000000000000057e+01,1.782861397657763265e-233,-2.058598724470211251e-235,7.756696935651428931e-234
1.341000000000000014e+01,3.377083923502268728e-234,-3.949175393778870769e-236,1.463707451971320649e-234
1.342999999999999972e+01,6.348669894356619214e-235,-7.358212649444331143e-237,2.741326145840281471e-235
1.345000000000000107e+01,1.184544714459293512e-235,-1.333805900736402995e-237,5.094957030882964118e-236
1.347000000000000064e+01,2.192941913569680410e-236,-2.355535710248678997e-238,9.393364403999867757e-237
1.349000000000000021e+01,4.026134014987850876e-237,-4.058113164244157163e-239,1.716901183995849383e-237
1.350999999999999979e+01,7.325629233582854625e-238,-6.828713093013197440e-240,3.108868670741370585e-238
1.353000000000000114e+01,1.319985933746003631e-238,-1.123856298679785734e-240,5.572585452289111327e-239
1.355000000000000071e+01,2.353535621754812342e-239,-1.811819863611208230e-241,9.880302414727379733e-240
1.357000000000000028e+01,4.149212861534620253e-240,-2.866850380815829034e-242,1.731484848859370115e-240
1.358999999999999986e+01,7.227543548659975650e-241,-4.463857002838531836e-243,2.997107624148169516e-241
1.360999999999999943e+01,1.243112082572932319e-241,-6.863486270582788228e-244,5.120956796756268108e-242
1.363000000000000078e+01,2.109939210335367121e-242,-1.046895826788645714e-244,8.632289577083730543e-243
1.365000000000000036e+01,3.532205235406001108e-243,-1.593294963562657160e-245,1.434886502780436279e-243
1.366999999999999993e+01,5.829653141626911358e-244,-2.435788164583699148e-246,2.350946033224319482e-244
1.368999999999999950e+01,9.481765764178615213e-245,-3.766400688040343017e-247,3.795251174312845514e-245
1.371000000000000085e+01,1.519268711315314711e-245,-5.924741463304032600e-248,6.034876921963349098e-246
1.373000000000000043e+01,2.397419853914645189e-246,-9.511999344730423440e-249,9.449261644740298108e-247
1.375000000000000000e+01,3.724737379566756862e-247,-1.558207449217747003e-249,1.456504045491767627e-247
1.376999999999999957e+01,5.696097789922959312e-248,-2.595160435801103537e-250,2.209541779472563082e-248
1.379000000000000092e+01,8.572093635122746995e-249,-4.368645706662775829e-251,3.298156893013175424e-249
1.381000000000000050e+01,1.269205384421300749e-249,-7.384020028578255972e-252,4.843202951570443468e-250
1.383000000000000007e+01,1.848563478634823671e-250,-1.245380173313663275e-252,6.995474728651495821e-251
1.384999999999999964e+01,2.648119848884714643e-251,-2.085137068374307751e-253,9.937624115870872190e-252
1.387000000000000099e+01,3.730943336114039578e-252,-3.452116731871596326e-254,1.388444510142868342e-252
1.389000000000000057e+01,5.170193420166046799e-253,-5.635513332562819386e-255,1.908182352355297752e-253
1.391000000000000014e+01,7.048741690548408729e-254,-9.054061008840830841e-256,2.580594346728532066e-254
1.392999999999999972e+01,9.459368887617277623e-255,-1.429757563578892653e-256,3.436654936830965152e-255
1.395000000000000107e+01,1.250721835918472037e-255,-2.217328425691083491e-257,4.512138425310406306e-256
1.397000000000000064e+01,1.631742409586169571e-256,-3.375252014553150864e-258,5.851340412052139036e-257
1.399000000000000021e+01,2.105240856493034498e-257,-5.040973703884476461e-259,7.514773614391223684e-258
1.400999999999999979e+01,2.694510533530051701e-258,-7.384066592214532690e-260,9.593083337796954773e-259
1.403000000000000114e+01,3.435595859371973786e-259,-1.060393797924902694e-260,1.222984281517351687e-259
1.405000000000000071e+01,4.386240304704396176e-260,-1.492045044879363501e-261,1.565594554435008658e-260
1.407000000000000028e+01,5.638880045818036269e-261,-2.055321029234324694e-262,2.023771302557496400e-261
1.408999999999999986e+01,7.338148172625486027e-262,-2.768359092506261471e-263,2.653924734199102500e-262
1.410999999999999943e+01,9.702658556289384259e-263,-3.639133134850333626e-264,3.539668830744027082e-263
1.413000000000000078e+01,1.304971030116789887e-263,-4.655460922656105222e-265,4.799777914393022260e-264
1.415000000000000036e+01,1.782001336032541462e-264,-5.769861642158889997e-266,6.595479785518167271e-265
1.416999999999999993e+01,2.459777428251876627e-265,-6.877260103418319763e-267,9.135346916687966979e-266
1.418999999999999950e+01,3.411996930681120584e-266,-7.782881682472086963e-268,1.267570254092505101e-266
1.421000000000000085e+01,4.726826273746149109e-267,-8.156866902189936060e-269,1.751468234991097749e-267
1.423000000000000043e+01,6.503929376512428938e-268,-7.471173344294929104e-270,2.397947681462220746e-268
1.425000000000000000e+01,8.849627037663899979e-269,-4.913324548811499962e-271,3.240971885599476671e-269
1.426999999999999957e+01,1.187204025022035946e-269,7.292180101973162645e-273,4.314677945098440976e-270
1.429000000000000092e+01,1.568096009905626548e-270,1.122024517467447753e-272,5.655074143463678495e-271
1.431000000000000050e+01,2.040210086382074061e-271,2.906570359378904423e-273,7.308663660891333433e-272
1.433000000000000007e+01,2.622330238325978875e-272,5.774230246519696595e-274,9.355277761650652829e-273
1.434999999999999964e+01,3.350250783178146559e-273,1.019478808214973758e-274,1.195717570942719013e-273
1.437000000000000099e+01,4.298585309183920747e-274,1.678299548266218879e-275,1.545360442951272516e-274
1.439000000000000057e+01,5.621165147550348043e-275,2.630982707661228533e-276,2.053052274375350395e-275
1.441000000000000014e+01,7.621630443049617355e-276,3.968397756417532651e-277,2.851055422355303167e-276
1.442999999999999972e+01,1.087168800795007545e-276,5.787101920713125025e-278,4.183062348030352707e-277
1.445000000000000107e+01,1.640307933862327535e-277,8.169476785239594493e-279,6.480747873269896574e-278
1.447000000000000064e+01,2.601188205306767861e-278,1.114304390668709036e-279,1.048395937240307873e-278
1.449000000000000021e+01,4.273242442453449776e-279,1.460476090248710597e-280,1.742659998735855823e-279
1.450999999999999979e+01,7.156611908825131328e-280,1.818878113656455703e-281,2.932115754549724352e-280
1.453000000000000114e+01,1.205931812979767094e-280,2.104622577077403243e-282,4.939151673336948388e-281
1.455000000000000071e+01,2.026608250242475253e-281,2.149277282785569119e-283,8.272945509601817437e-282
1.457000000000000028e+01,3.379430697818860698e-282,1.646478365237475396e-284,1.372901036457490437e-282
1.458999999999999986e+01,5.578242353729766889e-283,7.090851233078233115e-287,2.254030927559403112e-283
1.460999999999999943e+01,9.107987073740075453e-284,-3.438033514699072042e-286,3.660695773854935657e-284
1.463000000000000078e+01,1.471442092271317148e-284,-1.023653237465249991e-286,5.884546557309101744e-285
1.465000000000000036e+01,2.354042135030701138e-285,-2.238663945567854584e-287,9.371864657609140304e-286
1.466999999999999993e+01,3.733236632232539327e-286,-4.291500274918630002e-288,1.480354597278466672e-286
1.468999999999999950e+01,5.875039937751891339e-287,-7.610270285883322207e-289,2.321473887239840754e-287
1.471000000000000085e+01,9.182971839648994823e-288,-1.277602569047320860e-289,3.617143532476551005e-288
1.473000000000000043e+01,1.426558879470770540e-288,-2.053948156928605853e-290,5.602654839107019309e-289
1.475000000000000000e+01,2.203339008912377784e-289,-3.181048575721925013e-291,8.628302304898280849e-290
1.476999999999999957e+01,3.383446263311204748e-290,-4.759355032900322600e-292,1.320947374498320340e-290
1.479000000000000092e+01,5.163868364550474522e-291,-6.882914363971805353e-293,2.009347413424698323e-291
1.481000000000000050e+01,7.827880560628087524e-292,-9.608355773481972908e-294,3.034509243220210245e-292
1.483000000000000007e+01,1.177519039268055524e-292,-1.290109100732017975e-294,4.545065549345655828e-293
1.484999999999999964e+01,1.755747803077370345e-293,-1.654911550771735166e-295,6.743617412398407664e-294
1.487000000000000099e+01,2.591702694854890714e-294,-2.003310169459304269e-296,9.898868758862388107e-295
1.489000000000000057e+01,3.782368070849304066e-295,-2.234047579092572887e-297,1.435608609209959796e-295
1.491000000000000014e+01,5.450213033427578080e-296,-2.171135154017478286e-298,2.054277167454669271e-296
1.492999999999999972e+01,7.743781825821656531e-297,-1.530600415269821104e-299,2.896525781400933510e-297
1.495000000000000107e+01,1.083462326909394136e-297,1.212731634260203061e-301,4.019098736418959014e-298
1.497000000000000064e+01,1.490883044349110480e-298,3.418325585576420856e-301,5.481103369165699923e-299
1.499000000000000021e+01,2.015158918892725535e-299,9.252960139464673227e-302,7.337862918582300371e-300
1.500999999999999979e+01,2.672384467257303939e-300,1.884140883846538179e-302,9.632297827336454403e-301
1.503000000000000114e+01,3.473177697312060835e-301,3.379406628409879282e-303,1.238443429792847709e-301
1.505000000000000071e+01,4.419250327735762166e-302,5.618893067225148040e-304,1.558070551653310159e-302
1.507000000000000028e+01,5.500347026290203776e-303,8.864641000358190076e-305,1.916619884412706470e-303
1.508999999999999986e+01,6.692832197199753991e-304,1.344043494461839680e-305,2.304484689047722188e-304
1.510999999999999943e+01,7.961822520270172619e-305,1.973928202169886753e-306,2.709456231060270227e-305
1.513000000000000078e+01,9.269381444657106344e-306,2.823083665964271321e-307,3.120610438934757334e-306
1.515000000000000036e+01,1.059176125619253981e-306,3.946860834441196445e-308,3.535548390086786425e-307
1.516999999999999993e+01,1.194879606610315001e-307,5.409638880435212006e-309,3.971924823131232766e-308
1.518999999999999950e+01,1.344807346269635264e-308,7.285254179835508220e-310,4.483925853865371613e-309
1.521000000000000085e+01,1.534520197621879482e-309,9.656952025532127360e-311,5.183787992918769074e-310
1.523000000000000043e+01,1.811916534096627914e-310,1.261641934199635797e-311,6.267547252262632562e-311
1.525000000000000000e+01,2.255837294947785220e-311,1.626123793717231455e-312,8.042989649207629509e-312
1.526999999999999957e+01,2.984876668214339024e-312,2.068986290603091971e-313,1.095634748775745139e-312
1.529000000000000092e+01,4.165071738702578713e-313,2.599301825465386241e-314,1.561285728821409499e-313
1.531000000000000050e+01,6.014726717748594494e-314,3.224025999400424542e-315,2.278517768771019044e-314
1.533000000000000007e+01,8.804367855995774266e-315,3.946043519522181040e-316,3.340325183897447042e-315
1.534999999999999964e+01,1.284985486822176409e-315,4.761489974801533319e-317,4.851990548291632823e-316
1.537000000000000099e+01,1.849711966553869693e-316,5.656271021161843761e-318,6.924865593625162228e-317
1.539000000000000057e+01,2.609795055976883160e-317,6.601705159730736323e-319,9.667402254801504780e-318
1.541000000000000014e+01,3.597771211046582097e-318,7.549323068454247195e-320,1.317401341353391848e-318
1.542999999999999972e+01,4.839768253531682897e-319,8.423819261593253578e-321,1.751314494813466625e-319
1.545000000000000107e+01,6.351707942935065572e-320,9.090807883478936413e-322,2.271219773932210364e-320
1.547000000000000064e+01,8.137261187005330583e-321,9.387247270983684339e-323,2.875462058796054887e-321
1.549000000000000021e+01,1.017775230432967881e-321,9.881312916824930884e-324,3.557272650056975118e-322
1.550999999999999979e+01,1.235164114603116360e-322,0.000000000000000000e+00,4.446590812571218898e-323
1.553000000000000114e+01,1.482196937523739633e-323,0.000000000000000000e+00,4.940656458412465442e-324
1.555000000000000071e+01,0.000000000000000000e+00,-0.000000000000000000e+00,0.000000000000000000e+00
1.557000000000000028e+01,0.000000000000000000e+00,0.000000000000000000e+00,0.000000000000000000e+00
1.558999999999999986e+01,0.000000000000000000e+00,-0.000000000000000000e+00,0.000000000000000000e+00
1.561000000000000121e+01,0.000000000000000000e+00,0.000000000000000000e+00,0.000000000000000000e+00
1.563000000000000078e+01,0.000000000000000000e+00,-0.000000000000000000e+00,0.000000000000000000e+00
1.565000000000000036e+01,0.000000000000000000e+00,0.000000000000000000e+00,0.000000000000000000e+00
1.566999999999999993e+01,0.000000000000000000e+00,-0.000000000000000000e+00,0.000000000000000000e+00
1.568999999999999950e+01,0.000000000000000000e+00,0.000000000000000000e+00,0.000000000000000000e+00
1.571000000000000085e+01,0.000000000000000000e+00,-0.000000000000000000e+00,0.000000000000000000e+00
1.573000000000000043e+01,0.000000000000000000e+00,0.000000000000000000e+00,0.000000000000000000e+00
1.575000000000000000e+01,0.000000000000000000e+00,-0.000000000000000000e+00,-0.000000000000000000e+00
1.576999999999999957e+01,0.000000000000000000e+00,-0.000000000000000000e+00,0.000000000000000000e+00
1.579000000000000092e+01,0.000000000000000000e+00,0.000000000000000000e+00,0.000000000000000000e+00
1.581000000000000050e+01,0.000000000000000000e+00,-0.000000000000000000e+00,0.000000000000000000e+00
1.583000000000000007e+01,0.000000000000000000e+00,0.000000000000000000e+00,0.000000000000000000e+00
1.584999999999999964e+01,0.000000000000000000e+00,-0.000000000000000000e+00,0.000000000000000000e+00
1.587000000000000099e+01,0.000000000000000000e+00,0.000000000000000000e+00,0.000000000000000000e+00
1.589000000000000057e+01,0.000000000000000000e+00,-0.000000000000000000e+00,0.000000000000000000e+00
1.591000000000000014e+01,0.000000000000000000e+00,0.000000000000000000e+00,0.000000000000000000e+00
1.592999999999999972e+01,0.000000000000000000e+00,-0.000000000000000000e+00,0.000000000000000000e+00
1.595000000000000107e+01,0.000000000000000000e+00,0.000000000000000000e+00,0.000000000000000000e+00
1.597000000000000064e+01,0.000000000000000000e+00,-0.000000000000000000e+00,0.000000000000000000e+00
1.599000000000000021e+01,0.000000000000000000e+00,0.000000000000000000e+00,0.000000000000000000e+00
1.601000000000000156e+01,0.000000000000000000e+00,-0.000000000000000000e+00,0.000000000000000000e+00
1.603000000000000114e+01,0.000000000000000000e+00,0.000000000000000000e+00,0.000000000000000000e+00
1.605000000000000071e+01,0.000000000000000000e+00,-0.000000000000000000e+00,0.000000000000000000e+00
1.607000000000000028e+01,0.000000000000000000e+00,0.000000000000000000e+00,0.000000000000000000e+00
1.608999999999999986e+01,0.000000000000000000e+00,-0.000000000000000000e+00,0.000000000000000000e+00
1.610999999999999943e+01,0.000000000000000000e+00,0.000000000000000000e+00,0.000000000000000000e+00
1.612999999999999901e+01,0.000000000000000000e+00,-0.000000000000000000e+00,0.000000000000000000e+00
1.614999999999999858e+01,0.000000000000000000e+00,0.000000000000000000e+00,0.000000000000000000e+00
1.617000000000000171e+01,0.000000000000000000e+00,-0.000000000000000000e+00,0.000000000000000000e+00
1.619000000000000128e+01,0.000000000000000000e+00,0.000000000000000000e+00,0.000000000000000000e+00
1.621000000000000085e+01,0.000000000000000000e+00,-0.000000000000000000e+00,0.000000000000000000e+00
1.623000000000000043e+01,0.000000000000000000e+00,0.000000000000000000e+00,0.000000000000000000e+00
1.625000000000000000e+01,0.000000000000000000e+00,-0.000000000000000000e+00,0.000000000000000000e+00
1.626999999999999957e+01,0.000000000000000000e+00,0.000000000000000000e+00,0.000000000000000000e+00
1.628999999999999915e+01,0.000000000000000000e+00,-0.000000000000000000e+00,0.000000000000000000e+00
1.630999999999999872e+01,0.000000000000000000e+00,0.000000000000000000e+00,0.000000000000000000e+00
1.633000000000000185e+01,0.000000000000000000e+00,-0.000000000000000000e+00,0.000000000000000000e+00
1.635000000000000142e+01,0.000000000000000000e+00,0.000000000000000000e+00,0.000000000000000000e+00
1.637000000000000099e+01,0.000000000000000000e+00,-0.000000000000000000e+00,0.000000000000000000e+00
1.639000000000000057e+01,0.000000000000000000e+00,0.000000000000000000e+00,0.000000000000000000e+00
1.641000000000000014e+01,0.000000000000000000e+00,-0.000000000000000000e+00,0.000000000000000000e+00
1.642999999999999972e+01,0.000000000000000000e+00,0.000000000000000000e+00,0.000000000000000000e+00
1.644999999999999929e+01,0.000000000000000000e+00,-0.000000000000000000e+00,0.000000000000000000e+00
1.646999999999999886e+01,0.000000000000000000e+00,-0.000000000000000000e+00,0.000000000000000000e+00
1.649000000000000199e+01,0.000000000000000000e+00,0.000000000000000000e+00,0.000000000000000000e+00
1.651000000000000156e+01,0.000000000000000000e+00,-0.000000000000000000e+00,0.000000000000000000e+00
1.653000000000000114e+01,0.000000000000000000e+00,-0.000000000000000000e+00,0.000000000000000000e+00
1.655000000000000071e+01,0.000000000000000000e+00,0.000000000000000000e+00,0.000000000000000000e+00
1.657000000000000028e+01,0.000000000000000000e+00,-0.000000000000000000e+00,0.000000000000000000e+00
1.658999999999999986e+01,0.000000000000000000e+00,0.000000000000000000e+00,0.000000000000000000e+00
1.660999999999999943e+01,0.000000000000000000e+00,-0.000000000000000000e+00,0.000000000000000000e+00
1.662999999999999901e+01,0.000000000000000000e+00,0.000000000000000000e+00,0.000000000000000000e+00
1.664999999999999858e+01,0.000000000000000000e+00,-0.000000000000000000e+00,0.000000000000000000e+00
1.667000000000000171e+01,0.000000000000000000e+00,0.000000000000000000e+00,0.000000000000000000e+00
1.669000000000000128e+01,0.000000000000000000e+00,-0.000000000000000000e+00,0.000000000000000000e+00
1.671000000000000085e+01,0.000000000000000000e+00,0.000000000000000000e+00,0.000000000000000000e+00
1.673000000000000043e+01,0.000000000000000000e+00,-0.000000000000000000e+00,0.000000000000000000e+00
1.675000000000000000e+01,0.000000000000000000e+00,0.000000000000000000e+00,0.000000000000000000e+00
1.676999999999999957e+01,0.000000000000000000e+00,-0.000000000000000000e+00,0.000000000000000000e+00
1.678999999999999915e+01,0.000000000000000000e+00,0.000000000000000000e+00,0.000000000000000000e+00
1.680999999999999872e+01,0.000000000000000000e+00,-0.000000000000000000e+00,0.000000000000000000e+00
1.683000000000000185e+01,0.000000000000000000e+00,0.000000000000000000e+00,0.000000000000000000e+00
1.685000000000000142e+01,0.000000000000000000e+00,-0.000000000000000000e+00,0.000000000000000000e+00
1.687000000000000099e+01,0.000000000000000000e+00,0.000000000000000000e+00,0.000000000000000000e+00
1.689000000000000057e+01,0.000000000000000000e+00,-0.000000000000000000e+00,0.000000000000000000e+00
1.691000000000000014e+01,0.000000000000000000e+00,0.000000000000000000e+00,0.000000000000000000e+00
1.692999999999999972e+01,0.000000000000000000e+00,-0.000000000000000000e+00,0.000000000000000000e+00
1.694999999999999929e+01,0.000000000000000000e+00,0.000000000000000000e+00,0.000000000000000000e+00
1.696999999999999886e+01,0.000000000000000000e+00,-0.000000000000000000e+00,0.000000000000000000e+00
1.699000000000000199e+01,0.000000000000000000e+00,0.000000000000000000e+00,0.000000000000000000e+00
1.701000000000000156e+01,0.000000000000000000e+00,-0.000000000000000000e+00,0.000000000000000000e+00
1.703000000000000114e+01,0.000000000000000000e+00,0.000000000000000000e+00,0.000000000000000000e+00
1.705000000000000071e+01,0.000000000000000000e+00,-0.000000000000000000e+00,0.000000000000000000e+00
1.707000000000000028e+01,0.000000000000000000e+00,0.000000000000000000e+00,0.000000000000000000e+00
1.708999999999999986e+01,0.000000000000000000e+00,-0.000000000000000000e+00,0.000000000000000000e+00
1.710999999999999943e+01,0.000000000000000000e+00,0.000000000000000000e+00,0.000000000000000000e+00
1.712999999999999901e+01,0.000000000000000000e+00,-0.000000000000000000e+00,-0.000000000000000000e+00
1.715000000000000213e+01,0.000000000000000000e+00,-0.000000000000000000e+00,0.000000000000000000e+00
1.717000000000000171e+01,0.000000000000000000e+00,0.000000000000000000e+00,0.000000000000000000e+00
1.719000000000000128e+01,0.000000000000000000e+00,-0.000000000000000000e+00,0.000000000000000000e+00
1.721000000000000085e+01,0.000000000000000000e+00,0.000000000000000000e+00,0.000000000000000000e+00
1.723000000000000043e+01,0.000000000000000000e+00,-0.000000000000000000e+00,0.000000000000000000e+00
1.725000000000000000e+01,0.000000000000000000e+00,0.000000000000000000e+00,0.000000000000000000e+00
1.726999999999999957e+01,0.000000000000000000e+00,-0.000000000000000000e+00,0.000000000000000000e+00
1.728999999999999915e+01,0.000000000000000000e+00,0.000000000000000000e+00,0.000000000000000000e+00
1.730999999999999872e+01,0.000000000000000000e+00,-0.000000000000000000e+00,0.000000000000000000e+00
1.733000000000000185e+01,0.000000000000000000e+00,0.000000000000000000e+00,0.000000000000000000e+00
1.735000000000000142e+01,0.000000000000000000e+00,-0.000000000000000000e+00,0.000000000000000000e+00
1.737000000000000099e+01,0.000000000000000000e+00,0.000000000000000000e+00,0.000000000000000000e+00
1.739000000000000057e+01,0.000000000000000000e+00,-0.000000000000000000e+00,0.000000000000000000e+00
1.741000000000000014e+01,0.000000000000000000e+00,0.000000000000000000e+00,0.000000000000000000e+00
1.742999999999999972e+01,0.000000000000000000e+00,-0.000000000000000000e+00,0.000000000000000000e+00
1.744999999999999929e+01,0.000000000000000000e+00,0.000000000000000000e+00,0.000000000000000000e+00
1.746999999999999886e+01,0.000000000000000000e+00,-0.000000000000000000e+00,0.000000000000000000e+00
1.749000000000000199e+01,0.000000000000000000e+00,0.000000000000000000e+00,0.000000000000000000e+00
1.751000000000000156e+01,0.000000000000000000e+00,-0.000000000000000000e+00,0.000000000000000000e+00
1.753000000000000114e+01,0.000000000000000000e+00,0.000000000000000000e+00,0.000000000000000000e+00
1.755000000000000071e+01,0.000000000000000000e+00,-0.000000000000000000e+00,0.000000000000000000e+00
1.757000000000000028e+01,0.000000000000000000e+00,0.000000000000000000e+00,0.000000000000000000e+00
1.758999999999999986e+01,0.000000000000000000e+00,-0.000000000000000000e+00,0.000000000000000000e+00
1.760999999999999943e+01,0.000000000000000000e+00,0.000000000000000000e+00,0.000000000000000000e+00
1.762999999999999901e+01,0.000000000000000000e+00,-0.000000000000000000e+00,-0.000000000000000000e+00
1.765000000000000213e+01,0.000000000000000000e+00,-0.000000000000000000e+00,0.000000000000000000e+00
1.767000000000000171e+01,0.000000000000000000e+00,0.000000000000000000e+00,0.000000000000000000e+00
1.769000000000000128e+01,0.000000000000000000e+00,-0.000000000000000000e+00,0.000000000000000000e+00
1.771000000000000085e+01,0.000000000000000000e+00,0.000000000000000000e+00,0.000000000000000000e+00
1.773000000000000043e+01,0.000000000000000000e+00,-0.000000000000000000e+00,0.000000000000000000e+00
1.775000000000000000e+01,0.000000000000000000e+00,0.000000000000000000e+00,0.000000000000000000e+00
1.776999999999999957e+01,0.000000000000000000e+00,-0.000000000000000000e+00,0.000000000000000000e+00
1.778999999999999915e+01,0.000000000000000000e+00,0.000000000000000000e+00,0.000000000000000000e+00
1.780999999999999872e+01,0.000000000000000000e+00,-0.000000000000000000e+00,0.000000000000000000e+00
1.783000000000000185e+01,0.000000000000000000e+00,-0.000000000000000000e+00,0.000000000000000000e+00
1.785000000000000142e+01,0.000000000000000000e+00,0.000000000000000000e+00,0.000000000000000000e+00
1.787000000000000099e+01,0.000000000000000000e+00,-0.000000000000000000e+00,0.000000000000000000e+00
1.789000000000000057e+01,0.000000000000000000e+00,0.000000000000000000e+00,0.000000000000000000e+00
1.791000000000000014e+01,0.000000000000000000e+00,-0.000000000000000000e+00,0.000000000000000000e+00
1.792999999999999972e+01,0.000000000000000000e+00,0.000000000000000000e+00,0.000000000000000000e+00
1.794999999999999929e+01,0.000000000000000000e+00,-0.000000000000000000e+00,0.000000000000000000e+00
1.796999999999999886e+01,0.000000000000000000e+00,0.000000000000000000e+00,0.000000000000000000e+00
1.799000000000000199e+01,0.000000000000000000e+00,-0.000000000000000000e+00,0.000000000000000000e+00
